phase,t_s,overhang_cm,r_m,rdot_m_s,theta_deg,theta_dot_rad_s,alpha_deg,alpha_dot_rad_s,normal_per_mass_m_s2,friction_per_mass_m_s2,normal_N,friction_N,y_cm_m,y_nearest_edge_m
no_slip,0.0,1.1,0.01277693233918064,0.0,0.0,0.0,0.0,0.0,8.664538780721353,-0.6709543568464738,,,0.006500000000000001,0.006500000000000001
no_slip,0.000989444331,1.1,0.01277693233918064,0.0,0.0028950571921756776,0.10213516796482801,0.0028950571921756776,0.10213516796482801,8.664437062139507,-0.6703644644281559,,,0.0064994441806222325,0.006496867238341442
no_slip,0.001978888661,1.1,0.01277693233918064,0.0,0.011580401621249825,0.20427643407016544,0.011580401621249825,0.20427643407016544,8.664131755442469,-0.6685947211326898,,,0.0064977765897426725,0.006487468666826155
no_slip,0.002968332992,1.1,0.01277693233918064,0.0,0.026056551819146928,0.30642989400066545,0.026056551819146928,0.30642989400066545,8.663622407749003,-0.6656449289249531,,,0.006494996829182935,0.0064718034263134125
no_slip,0.003957777322,1.1,0.01277693233918064,0.0,0.04632437168587335,0.40860163749486017,0.04632437168587335,0.40860163749486017,8.662908264176204,-0.6615147580822834,,,0.0064911042355587385,0.0064498700867495085
no_slip,0.004947221653,1.1,0.01277693233918064,0.0,0.07238507021434572,0.5107977463994814,0.07238507021434572,0.5107977463994814,8.66198826771138,-0.6562037476568909,,,0.006486097880610579,0.006421666649719165
no_slip,0.005936665983,1.1,0.01277693233918064,0.0,0.10424020077700107,0.6130242910655795,0.10424020077700107,0.6130242910655795,8.660861059044901,-0.6497113061907795,,,0.006479976571730606,0.006387190552375822
no_slip,0.006926110314,1.1,0.01277693233918064,0.0,0.14189166062930794,0.7152873283889629,0.14189166062930794,0.7152873283889629,8.659524976341602,-0.642036712550302,,,0.00647273885256075,0.0063464386720450475
no_slip,0.007915554644,1.1,0.01277693233918064,0.0,0.18534168978677884,0.8175928981876002,0.18534168978677884,0.8175928981876002,8.657978054981394,-0.6331791170530628,,,0.006464383003825279,0.006299407332417897
no_slip,0.008904998975,1.1,0.01277693233918064,0.0,0.2345928703051423,0.9199470212202834,0.2345928703051423,0.9199470212202834,8.656218027233654,-0.6231375426783458,,,0.006454907044201317,0.0062460923102248605
no_slip,0.009894443305,1.1,0.01277693233918064,0.0,0.28964812474516605,1.02235569553704,0.28964812474516605,1.02235569553704,8.654242321909976,-0.6119108866106173,,,0.006444308731463244,0.0061864888437151485
no_slip,0.010883887636,1.1,0.01277693233918064,0.0,0.3505107152265747,1.1248248944681583,0.3505107152265747,1.1248248944681583,8.65204806394661,-0.5994979218312001,,,0.006432585563632762,0.006120591641427872
no_slip,0.011873331966,1.1,0.01277693233918064,0.0,0.4171842414771573,1.227360562939383,0.4171842414771573,1.227360562939383,8.649632073975338,-0.5858972990846534,,,0.006419734780443526,0.0060483948929882375
no_slip,0.012862776297,1.1,0.01277693233918064,0.0,0.4896726396566269,1.3299686154234935,0.4896726396566269,1.3299686154234935,8.646990867820627,-0.5711075488586863,,,0.006405753364780102,0.005969892280010655
no_slip,0.013852220627,1.1,0.01277693233918064,0.0,0.5679801799855546,1.4326549322121247,0.5679801799855546,1.4326549322121247,8.64412065599625,-0.5551270837812912,,,0.006390638044473427,0.00588507698925082
no_slip,0.014841664958,1.1,0.01277693233918064,0.0,0.652111465334487,1.535425357322161,0.652111465334487,1.535425357322161,8.641017343125455,-0.5379542009975165,,,0.006374385294040214,0.005793941725683282
no_slip,0.015831109288,1.1,0.01277693233918064,0.0,0.7420714284273321,1.6382856947161026,0.7420714284273321,1.6382856947161026,8.637676527372687,-0.5195870850068112,,,0.006356991336822053,0.005696478728056201
no_slip,0.016820553619,1.1,0.01277693233918064,0.0,0.837865330190174,1.741241706155628,0.837865330190174,1.741241706155628,8.634093499796688,-0.5000238104468172,,,0.006338452147038974,0.00559267978419352
no_slip,0.017809997949,1.1,0.01277693233918064,0.0,0.9394987565228231,1.8442991073625286,0.9394987565228231,1.8442991073625286,8.630263243728427,-0.47926234538195256,,,0.006318763452287222,0.005482536249006709
no_slip,0.01879944228,1.1,0.01277693233918064,0.0,1.046977616400912,1.947463565811899,1.046977616400912,1.947463565811899,8.62618043406884,-0.45730055450587176,,,0.0062979207359228516,0.005366039062079067
no_slip,0.01978888661,1.1,0.01277693233918064,0.0,1.1603081382084233,2.050740696825793,1.1603081382084233,2.050740696825793,8.62183943662577,-0.43413620289383137,,,0.0062759192399353785,0.00524317876819602
no_slip,0.020778330941,1.1,0.01277693233918064,0.0,1.2794968675858007,2.1541360612986242,1.2794968675858007,2.1541360612986242,8.61723430736982,-0.4097669596369298,,,0.00625275396767943,0.0051139455372760595
no_slip,0.021767775271,1.1,0.01277693233918064,0.0,1.404550663315388,2.257655161715838,1.404550663315388,2.257655161715838,8.612358791745084,-0.38419040207220506,,,0.006228419687143655,0.004978329187488103
no_slip,0.022757219602,1.1,0.01277693233918064,0.0,1.5354766949074559,2.3613034398042743,1.5354766949074559,2.3613034398042743,8.607206323898351,-0.3574040198631771,,,0.006202910934050559,0.004836319207600222
no_slip,0.023746663932,1.1,0.01277693233918064,0.0,1.672282438029621,2.4650862724683136,1.672282438029621,2.4650862724683136,8.601770025980256,-0.32940521972299935,,,0.006176222015542179,0.004687904782759015
no_slip,0.024736108263,1.1,0.01277693233918064,0.0,1.8149756718218788,2.5690089693581233,1.8149756718218788,2.5690089693581233,8.596042707365077,-0.3001913299571161,,,0.006148347013670325,0.004533074819333478
no_slip,0.025725552594,1.1,0.01277693233918064,0.0,1.9635644740133837,2.6730767688212116,1.9635644740133837,2.6730767688212116,8.590016863954652,-0.26975960566470614,,,0.006119279789492644,0.004371817973271103
no_slip,0.026714996924,1.1,0.01277693233918064,0.0,2.118057217191004,2.777294834855417,2.118057217191004,2.777294834855417,8.583684677439184,-0.23810723391735594,,,0.006089013987127452,0.004204122678351076
no_slip,0.027704441255,1.1,0.01277693233918064,0.0,2.27846256498323,2.881668254016367,2.27846256498323,2.881668254016367,8.577038014567762,-0.2052313391717594,,,0.006057543038013561,0.004029977175694354
no_slip,0.028693885585,1.1,0.01277693233918064,0.0,2.4447894664462453,2.986202031220745,2.4447894664462453,2.986202031220745,8.57006842650581,-0.17112898927179168,,,0.006024860165718041,0.0038493695464105987
no_slip,0.029683329916,1.1,0.01277693233918064,0.0,2.617047152657352,3.090901087079729,2.617047152657352,3.090901087079729,8.562767148119844,-0.13579720122342406,,,0.0059909583905129815,0.003662287743054082
no_slip,0.030672774246,1.1,0.01277693233918064,0.0,2.79524513046606,3.1957702534902266,2.79524513046606,3.1957702534902266,8.555125097405297,-0.09923294778179509,,,0.005955830534719041,0.003468719625391408
no_slip,0.031662218577,1.1,0.01277693233918064,0.0,2.979393178779272,3.300814270863289,2.979393178779272,3.300814270863289,8.547132874838168,-0.061433163752496724,,,0.005919469227766123,0.00326865299466378
no_slip,0.032651662907,1.1,0.01277693233918064,0.0,3.1695013418061326,3.4060377836019393,3.1695013418061326,3.4060377836019393,8.538780762893715,-0.022394753154926325,,,0.00588186691207561,0.0030620756324191045
no_slip,0.033641107238,1.1,0.01277693233918064,0.0,3.365579925022735,3.511445337218704,3.365579925022735,3.511445337218704,8.53005872549177,0.017885403929696408,,,0.005843015848635893,0.00284897533767816
no_slip,0.034630551568,1.1,0.01277693233918064,0.0,3.567639487897517,3.6170413736940574,3.567639487897517,3.6170413736940574,8.520956407634777,0.059410443597785335,,,0.005802908123455567,0.0026293399689306177
no_slip,0.035619995899,1.1,0.01277693233918064,0.0,3.7756908395226025,3.722830228477611,3.7756908395226025,3.722830228477611,8.51146313497579,0.10218351070765033,,,0.005761535653686415,0.002403157484304832
no_slip,0.036609440229,1.1,0.01277693233918064,0.0,3.989745030805898,3.8288161257216164,3.989745030805898,3.8288161257216164,8.501567913606788,0.14620775050036602,,,0.005718890194681504,0.0021704159868290124
no_slip,0.03759888456,1.1,0.01277693233918064,0.0,4.209813349755593,3.9350031751607935,4.209813349755593,3.9350031751607935,8.491259429780836,0.19148630059490637,,,0.005674963346699822,0.001931103767705482
no_slip,0.03858832889,1.1,0.01277693233918064,0.0,4.435907313124493,4.041395367215824,4.435907313124493,4.041395367215824,8.480526049884041,0.23802228196869543,,,0.0056297465626047125,0.0016852093549387511
no_slip,0.039577773221,1.1,0.01277693233918064,0.0,4.668038661333644,4.147996569747265,4.668038661333644,4.147996569747265,8.469355820345823,0.28581879034202773,,,0.005583231155185788,0.001432721559815056
no_slip,0.040567217551,1.1,0.01277693233918064,0.0,4.906219349553912,4.254810523024518,4.906219349553912,4.254810523024518,8.457736467830456,0.334878886496484,,,0.005535408305534521,0.0011736295289983371
no_slip,0.041556661882,1.1,0.01277693233918064,0.0,5.150461542254235,4.361840836349851,5.150461542254235,4.361840836349851,8.445655399371939,0.3852055870270874,,,0.005486269071020293,0.0009079227943144218
no_slip,0.042546106212,1.1,0.01277693233918064,0.0,5.400777603704943,4.469090982888895,5.400777603704943,4.469090982888895,8.433099702823696,0.4368018539769709,,,0.0054358043943811135,0.0006355913284137506
no_slip,0.043535550543,1.1,0.01277693233918064,0.0,5.657180092135719,4.576564296161435,5.657180092135719,4.576564296161435,8.420056147257132,0.48967058493602694,,,0.005384005112391727,0.00035662559795667393
no_slip,0.044524994873,1.1,0.01277693233918064,0.0,5.919681749644795,4.6842639647301745,5.919681749644795,4.6842639647301745,8.40651118371071,0.5438146019706684,,,0.005330861965708371,7.101662293798258e-05
no_slip,0.045514439204,1.1,0.01277693233918064,0.0,6.18829549595133,4.792193028555613,6.18829549595133,4.792193028555613,8.392450945893943,0.5992366410483673,,,0.005276365608267658,-0.00022124396663478815
no_slip,0.046503883534,1.1,0.01277693233918064,0.0,6.463034417694253,4.900354373540586,6.463034417694253,4.900354373540586,8.377861251279775,0.6559393402421355,,,0.005220506617924999,-0.0005201638676654366
no_slip,0.047493327865,1.1,0.01277693233918064,0.0,6.743911761763564,5.00875072774733,6.743911761763564,5.00875072774733,8.362727602158445,0.713925228461316,,,0.005163275506623493,-0.0008257500437123134
no_slip,0.048482772195,1.1,0.01277693233918064,0.0,7.030940923972361,5.117384655796126,7.030940923972361,5.117384655796126,8.347035187119817,0.7731967129115656,,,0.005104662731866019,-0.0011380086580789388
no_slip,0.049472216526,1.1,0.01277693233918064,0.0,7.324135441951351,5.226258554943494,7.324135441951351,5.226258554943494,8.330768882504207,0.8337560671135655,,,0.0050446587076936195,-0.0014569450099015929
no_slip,0.050461660857,1.1,0.01277693233918064,0.0,7.623508983483172,5.335374649444584,7.623508983483172,5.335374649444584,8.313913254306756,0.8956054176640146,,,0.00498325381696855,-0.0017825634636664334
no_slip,0.051451105187,1.1,0.01277693233918064,0.0,7.929075337415895,5.444734985940402,7.929075337415895,5.444734985940402,8.296452560161677,0.9587467312098573,,,0.004920438423515345,-0.0021148673799126624
no_slip,0.052440549518,1.1,0.01277693233918064,0.0,8.24084840440679,5.554341428778297,8.24084840440679,5.554341428778297,8.27837075156345,1.0231818010656613,,,0.004856202884686757,-0.0024538590441212102
no_slip,0.053429993848,1.1,0.01277693233918064,0.0,8.558842184247913,5.664195654154663,8.558842184247913,5.664195654154663,8.259651476529914,1.0889122328000942,,,0.004790537565034521,-0.0027995395902500686
no_slip,0.054419438179,1.1,0.01277693233918064,0.0,8.883070767599849,5.774299145847851,8.883070767599849,5.774299145847851,8.240278082269102,1.1559394304067816,,,0.004723432849482297,-0.0031519089274211626
no_slip,0.055408882509,1.1,0.01277693233918064,0.0,9.213548322339303,5.884653189107017,9.213548322339303,5.884653189107017,8.220233618433038,1.2242645810335708,,,0.004654879158027906,-0.003510965659106982
no_slip,0.05639832684,1.1,0.01277693233918064,0.0,9.550289084801404,5.995258866250588,9.550289084801404,5.995258866250588,8.199500840367213,1.2938886403939254,,,0.004584866959860114,-0.0038767070059918017
no_slip,0.05738777117,1.1,0.01277693233918064,0.0,9.893307345426397,6.1061170504143885,9.893307345426397,6.1061170504143885,8.178062212997512,1.3648123166909305,,,0.004513386789069369,-0.004249128721109128
no_slip,0.058377215501,1.1,0.01277693233918064,0.0,10.242617439495426,6.217228401019612,10.242617439495426,6.217228401019612,8.155899914721022,1.4370360552624937,,,0.004440429259743811,-0.004628225008868109
no_slip,0.059366659831,1.1,0.01277693233918064,0.0,10.598233732060612,6.328593357384831,10.598233732060612,6.328593357384831,8.132995841987064,1.510560021695303,,,0.004365985082723412,-0.005013988436143926
no_slip,0.060356104162,1.1,0.01277693233918064,0.0,10.960170608159848,6.440212134068872,10.960170608159848,6.440212134068872,8.109331613890257,1.5853840857012171,,,0.0042900450817082575,-0.0054064098474833
no_slip,0.061345548492,1.1,0.01277693233918064,0.0,11.32844245701516,6.5520847143527865,11.32844245701516,6.5520847143527865,8.08488857750881,1.6615078034207849,,,0.004212600211088335,-0.005805478272174829
no_slip,0.062334992823,1.1,0.01277693233918064,0.0,11.703063661712678,6.664210845464526,11.703063661712678,6.664210845464526,8.059647813262885,1.7389304005329032,,,0.004133641573094139,-0.006211180835673733
no_slip,0.063324437153,1.1,0.01277693233918064,0.0,12.084048582654965,6.7765900319385945,12.084048582654965,6.7765900319385945,8.033590141075235,1.817650753752601,,,0.004053160436730989,-0.006623502662707464
no_slip,0.064313881484,1.1,0.01277693233918064,0.0,12.471411546693254,6.889221530731095,12.471411546693254,6.889221530731095,8.006696126559678,1.8976673731814526,,,0.003971148255998315,-0.0070424267849898015
no_slip,0.065303325814,1.1,0.01277693233918064,0.0,12.86516682982037,7.002104344466484,12.86516682982037,7.002104344466484,7.978946088070903,1.978978383010088,,,0.0038875966899533073,-0.007467934040448885
no_slip,0.066292770145,1.1,0.01277693233918064,0.0,13.265328645743361,7.115237216453321,13.265328645743361,7.115237216453321,7.950320103789324,2.0615815031229374,,,0.003802497622020763,-0.007900002977334324
no_slip,0.067282214475,1.1,0.01277693233918064,0.0,13.67191112780488,7.228618623829457,13.67191112780488,7.228618623829457,7.920798019728213,2.1454740290224867,,,0.0037158431812059594,-0.008338609749690694
no_slip,0.068271658806,1.1,0.01277693233918064,0.0,14.084928316985604,7.3422467724907134,14.084928316985604,7.3422467724907134,7.8903594577823055,2.2306528127087635,,,0.003627625762511645,-0.008783728017998718
no_slip,0.069261103136,1.1,0.01277693233918064,0.0,14.504394143043259,7.456119590147799,14.504394143043259,7.456119590147799,7.858983824761341,2.317114241849647,,,0.0035378380493142577,-0.00923532884105694
no_slip,0.070250547467,1.1,0.01277693233918064,0.0,14.930322411935816,7.570234721182187,14.930322411935816,7.570234721182187,7.8266503214704635,2.4048542199631746,,,0.0034464730348984377,-0.009693380573339641
no_slip,0.071239991797,1.1,0.01277693233918064,0.0,15.362726786168931,7.684589519630198,15.362726786168931,7.684589519630198,7.793337952839668,2.4938681448662834,,,0.003353524046004011,-0.010157848753493254
slip,0.071239991797,1.1,0.01277693233918064,-2.296817959113793e-13,15.362726786168931,7.684589519621237,15.362726786168926,7.684589519631859,7.837074214469058,1.8808978114725738,,,0.003353524046004011,-0.010157848753493251
slip,0.072232587351,1.1,0.012777217829196002,0.0005899787265197559,15.803666181350309,7.822511634432328,15.80290970346772,7.7952276600734915,7.800671950843903,1.8721612682025366,,,0.003258616534645262,-0.010630168171100064
slip,0.073225182904,1.1,0.012778133098985652,0.0012692373750546495,16.252551374324494,7.964025094261789,16.249369925707363,7.9053382097579545,7.761629817230663,1.862791156135359,,,0.0031619507693358326,-0.011108790510620338
slip,0.074217778458,1.1,0.012779767612013488,0.0020394830212518084,16.70958757090326,8.109162883483247,16.70207656013856,8.0148897786841,7.7198341385999,1.852760193263976,,,0.003063484507699897,-0.011593672418198125
slip,0.075210374011,1.1,0.012782212542265624,0.0029024556074027344,17.17498171407579,8.257953051270936,17.16099690369868,8.1238501535294,7.675170948724332,1.8420410276938395,,,0.002963172227273707,-0.012084770095344283
slip,0.076202969564,1.1,0.012785560808221283,0.0038599306522292907,17.64894218545151,8.410417964333021,17.626096398723096,8.232186274594582,7.627526173978181,1.8306062817547633,,,0.0028609650019396503,-0.012582039370149995
slip,0.077195565118,1.1,0.012789907109539056,0.004913722034610623,18.131678458671473,8.56657352577873,18.097338582719882,8.339864209352207,7.576785830465875,1.81842859931181,,,0.0027568103810219303,-0.013085435764848129
slip,0.078188160671,1.1,0.012795347966526241,0.006065684842558067,18.623400707388388,8.726428363503008,18.574685036477756,8.446849123531155,7.522836234772573,1.8054806963454173,,,0.002650652270477122,-0.013594914564246231
slip,0.079180756224,1.1,0.012801981762509504,0.007317718282539568,19.124319370726806,8.889982992154007,19.058095334774034,8.553105250517088,7.4655642284872865,1.7917354148369486,,,0.0025424308155892724,-0.014110430889511437
slip,0.080173351778,1.1,0.012809908789070224,0.008671768610565745,19.63464466597576,9.05722894900948,19.54752699098006,8.658595856940703,7.404857418136077,1.7771657803526584,,,0.0024320822874737084,-0.014631939767936251
slip,0.081165947331,1.1,0.012819231294176359,0.010129832069741088,20.15458605138257,9.228147908880377,20.042935399534112,8.763283205281942,7.340604430902616,1.7617450634166276,,,0.0023195389729277144,-0.015159396202854732
slip,0.082158542885,1.1,0.012830053533317053,0.011693957824664973,20.684351643356212,9.402710784267537,20.544273781189773,8.8671285143826,7.27269518624587,1.7454468446990088,,,0.0022047290669190652,-0.015692755248840166
slip,0.083151138438,1.1,0.01284248182338452,0.013366250827647377,21.22414757426483,9.580876811632779,21.05149311842441,8.970091915089133,7.201021185855247,1.728245084605259,,,0.002087576571004611,-0.016231972078655184
slip,0.084143733991,1.1,0.012856624599524328,0.01514887462834213,21.774177306064576,9.762592634801287,21.564542095790106,9.072132404073802,7.1254758208924045,1.710114197014177,,,0.00196800119476982,-0.01677700205759278
slip,0.085136329545,1.1,0.012872592474612378,0.017044054053356846,22.334640886462992,9.947791387742637,22.08336703248815,9.17320779311224,7.045954699099229,1.691029127783815,,,0.0018459182636531915,-0.017327800811563727
slip,0.086128925098,1.1,0.012890498301291506,0.01905407772948755,22.905734152965717,10.136391785715395,22.607911811870434,9.273274654823625,6.962355992157214,1.6709654381177312,,,0.00172123863259051,-0.01788432429383253
slip,0.087121520651,1.1,0.012910457236577069,0.021181300427558544,23.487647890824338,10.32829723458333,23.138117812501047,9.372288265738815,6.874580803495592,1.649899392838942,,,0.0015938686048665547,-0.0184465288551948
slip,0.088114116205,1.1,0.012932586808525673,0.023428145146599376,24.08056693590823,10.523394963709796,23.67392383116485,9.470202544870602,6.782533559021604,1.627808054165185,,,0.0014637098589536342,-0.019014371307268362
slip,0.089106711758,1.1,0.012957006984799804,0.025797104903887362,24.684669229037787,10.721555193491458,24.21526600219674,9.566969988777602,6.686122421197984,1.6046693810875161,,,0.0013306593828752511,-0.019587808983421533
slip,0.090099307312,1.1,0.012983840243088357,0.028290744204661402,25.30012483028382,10.922630349684106,24.762077718474146,9.662541604181671,6.585259726492801,1.5804623343582722,,,0.0011946094153155759,-0.020166799802859868
slip,0.091091902865,1.1,0.013013211642417692,0.030911700078500918,25.927094880952666,11.126454330247222,25.314289540289128,9.756866835848298,6.479862449647677,1.5551669879154424,,,0.0010554473974193257,-0.020751302323131073
slip,0.092084498418,1.1,0.013045248895670183,0.03366268269766491,26.56573053499053,11.332841841903408,25.871829108280423,9.849893492871153,6.369852692875649,1.5287646462901558,,,0.000913055931889066,-0.021341275798045133
slip,0.093077093972,1.1,0.013080082442197714,0.036546475458869784,27.216171848629344,11.541587813028539,26.434621046583572,9.941567671218241,6.255158203431376,1.5012379688235302,,,0.0007673127533959205,-0.021936680226200968
slip,0.094069689525,1.1,0.013117845520196278,0.03956593449142452,27.87854663897506,11.752466896770025,27.002586861425936,10.031833673896372,6.135712919563756,1.4725711006953013,,,0.0006180907096678981,-0.022537476395504047
slip,0.095062285079,1.1,0.013158674238663983,0.042723987564756455,28.552969323863746,11.96523307867081,27.575644840845722,10.120633930069227,6.011457544389595,1.4427498106535026,,,0.0004652577523690314,-0.0231436259295183
slip,0.096054880632,1.1,0.01320270764735868,0.04602363226135793,29.239539732561663,12.179619395635848,28.15370994117226,10.20790891138003,5.88234015133714,1.4117616363209136,,,0.0003086769421719704,-0.023755091320290172
slip,0.097047476185,1.1,0.013250087805185277,0.049467933448656534,29.93834191418492,12.395337784591888,28.736693677368553,10.293597048839995,5.74831681805155,1.379596036332372,,,0.0001482064641879856,-0.024371835965557864
slip,0.098040071739,1.1,0.01330095984526935,0.05306001991694488,30.64944293459243,12.612079067151404,29.32450400286806,10.377634648760075,5.609352292091797,1.3462445501020313,,,-1.6300341782475975e-05,-0.024993824194960147
slip,0.099032667292,1.1,0.013355472036221073,0.05680308015871724,31.37289167641334,12.829513083475048,29.917045184575283,10.459955809514545,5.465420687306104,1.311700964953465,,,-0.00018499493694406737,-0.025621021291040665
slip,0.100025262845,1.1,0.013413775839252164,0.06070035727632256,32.10871765771806,13.047288987638469,30.514217678544554,10.540492340838451,5.3165062092043955,1.2759614902090548,,,-0.00035803352605287786,-0.02625339351067082
slip,0.101017858399,1.1,0.01347602595930522,0.06475514290880502,32.856929865780536,13.265035709866341,31.11591799580772,10.619173685238703,5.16260391114848,1.2390249386756351,,,-0.0005355769831704223,-0.026890908095520437
slip,0.102010453952,1.1,0.013542380389609195,0.06897077016886383,33.61751562193621,13.482362595635994,31.722038563774376,10.695926843561931,5.00372047905562,1.2008929149733487,,,-0.000717790761368006,-0.027533533277059093
slip,0.103003049506,1.1,0.013613000449388598,0.0733506056034435,34.39043949563806,13.698860230393706,32.33246758965583,10.770676306848511,4.839875041249472,1.1615700098998734,,,-0.0009048447876487814,-0.028181238282656864
slip,0.103995645059,1.1,0.013688050812063639,0.07789804004963363,35.17564225922443,13.91410144920337,32.94708891103552,10.843343994053491,4.671100005118302,1.1210640012283926,,,-0.0010969133379267885,-0.028833993326714207
slip,0.104988240612,1.1,0.013767699524907247,0.08261647849875826,35.973039917180245,14.127642540707283,33.56578185235088,10.913849199632118,4.4974419127747565,1.0793860590659414,,,-0.0012941748969963129,-0.029491769606385096
slip,0.105980836166,1.1,0.013852118017404321,0.08750932885630446,36.782522801534064,14.339024640546944,34.18842107253429,10.982108550902664,4.31896231596354,1.0365509558312496,,,-0.0014968119983279024,-0.03015453928588084
slip,0.106973431719,1.1,0.013941481097858243,0.09257998964297862,37.60395475173142,14.54777531468695,34.81487641051541,11.048035977977136,4.135738664013418,0.9925772793632204,,,-0.0017050110449531614,-0.030822275476038403
slip,0.107966027272,1.1,0.01403596693807335,0.09783183670161016,38.4371723972877,14.753410330180976,35.445012735095126,11.111542698963063,3.947865197452463,0.947487647388591,,,-0.0019189621129548102,-0.03149495221563805
slip,0.108958622826,1.1,0.014135757043566762,0.10326820884926234,39.2819845389039,14.955435602512432,36.07868978879597,11.172537221474743,3.755453843802508,0.9013089225126019,,,-0.0021388587335159116,-0.03217254444289282
slip,0.109951218379,1.1,0.01424103620897362,0.10889239255473614,40.13817164500469,15.153349311705293,36.71576203228282,11.23092536354137,3.5586351061586083,0.8540724254780659,,,-0.002364897654933929,-0.03285502796353003
slip,0.110943813933,1.1,0.01435199245884185,0.11470760575285753,41.00548548175575,15.346644176575039,37.35607849700161,11.286610297001761,3.3575589333749845,0.8058141440099963,,,-0.0025972785867443365,-0.03354237942302137
slip,0.111936409486,1.1,0.014468816970325302,0.1207169807195025,41.88364886353773,15.534809866759817,37.99948263133589,11.339492614538061,3.1523955663424443,0.7565749359221866,,,-0.002836203920186897,-0.03423457626649784
slip,0.112929005039,1.1,0.014591703980147967,0.1269235462535624,42.77235555725732,15.717335540503454,38.64581216100554,11.389470424838983,2.9433363425979073,0.7064007222234977,,,-0.003081878431835938,-0.03493159670774598
slip,0.113921600593,1.1,0.014720850672415098,0.13333020911062934,43.67127032525718,15.893712482740474,39.29489894926662,11.436439477226394,2.7305944510305027,0.6553426682473206,,,-0.003334508964761288,-0.03563341969090854
slip,0.114914196146,1.1,0.014856457047599582,0.13993973484112915,44.580029120475544,16.063436822808182,39.94656886507696,11.480293319186394,2.514405620104711,0.6034573488251307,,,-0.003594304089631737,-0.03634002485261635
slip,0.115906791699,1.1,0.01499872577347781,0.1467547282051703,45.49823944607367,16.22601230853184,40.60064166712752,11.520923489956767,2.2950287215200413,0.5508068931648099,,,-0.003861473748590054,-0.03705139249201744
slip,0.116899387253,1.1,0.015147862015256221,0.15377761316757596,46.425480865598175,16.380953107145274,41.256930894070756,11.558219752045552,2.07274627574961,0.49745910617990635,,,-0.004136228877866325,-0.037767503537030296
slip,0.117891982806,1.1,0.015304073245611335,0.16101061265518385,47.36130567245666,16.527786607289386,41.91524376903477,11.592070363791958,1.8478648389220098,0.44348756134128237,,,-0.0044187810119691705,-0.038488339514183345
slip,0.11888457836,1.1,0.015467569036149676,0.1684557282891559,48.305239727536296,16.66605619521994,42.57538112749518,11.622362395697891,1.6207152489389667,0.38897165974535197,,,-0.0047093418733102224,-0.03921388253052161
slip,0.119877173913,1.1,0.015638560826381803,0.1761147200557147,49.256783439096694,16.79532397298457,43.23713735447185,11.648982091840537,1.3916527157779266,0.33399665178670235,,,-0.005008122941301232,-0.03994411525063413
slip,0.120869769466,1.1,0.01581726167505533,0.183989086284151,50.21541290923767,16.91517339480563,43.900300353593025,11.67181527925688,1.1610567278523314,0.2786536146845595,,,-0.005315335010768883,-0.04067902089177204
slip,0.12186236502,1.1,0.01600388599013052,0.1920800439037627,51.18058121774891,17.02521179064493,44.564651534175326,11.690747825943347,0.9293307584727316,0.22303938203345558,,,-0.005631187734027952,-0.04141858322004288
slip,0.122854960573,1.1,0.016198649239281427,0.200388509209036,52.15171984558802,17.125072752503847,45.22996582574806,11.705666148853872,0.6969017486221085,0.16725641966930604,,,-0.005955889151067607,-0.04216278655602137
slip,0.123847556126,1.1,0.01640176764337811,0.2089150793743689,53.12824023838363,17.214418359966377,45.89601172893197,11.716457772390356,0.4642193429502678,0.11141264230806426,,,-0.006289645212870113,-0.042911615797687756
slip,0.12484015168,1.1,0.016613457850321475,0.2176600147371481,54.109535482616195,17.29294122094042,46.56255139347958,11.723011936781527,0.23175486336729373,0.055621167208150496,,,-0.006632659294329807,-0.04366505644830724
slip,0.125832747233,1.1,0.01683393659165045,0.22662322208471064,55.09498209209077,17.360366309403695,47.22934073230838,11.725220255598737,5.7846715634990706e-11,1.388321175239777e-11,,,-0.006985131701848539,-0.04442309465677835
free_fall,0.1258327472332483,1.1,,,,,47.229340732475194,11.725220255598739,0.0,0.0,,,-0.00698513170193791,-0.04442309465696855
free_fall,0.1268318615692483,1.1,,,,,47.90055137291682,11.725220255598739,0.0,0.0,,,-0.007349636822767619,-0.045190733747382625
free_fall,0.1278309759052483,1.1,,,,,48.57176201335845,11.725220255598739,0.0,0.0,,,-0.007723924592270056,-0.04596296233307813
free_fall,0.1288300902412483,1.1,,,,,49.24297265380008,11.725220255598739,0.0,0.0,,,-0.008107995010445219,-0.0467397258023269
free_fall,0.1298292045772483,1.1,,,,,49.914183294241724,11.725220255598739,0.0,0.0,,,-0.00850184807729311,-0.04752097026358203
free_fall,0.13082831891424831,1.1,,,,,50.58539393535516,11.725220255598739,0.0,0.0,,,-0.008905483793222618,-0.048306642553662286
free_fall,0.13182743325024832,1.1,,,,,51.25660457579679,11.725220255598739,0.0,0.0,,,-0.009318902157425755,-0.049096690241898236
free_fall,0.13282654758624832,1.1,,,,,51.92781521623842,11.725220255598739,0.0,0.0,,,-0.009742103170301617,-0.049891061642045625
free_fall,0.13382566192224832,1.1,,,,,52.59902585668005,11.725220255598739,0.0,0.0,,,-0.010175086831850208,-0.05068970581623765
free_fall,0.1348247762582483,1.1,,,,,53.27023649712169,11.725220255598739,0.0,0.0,,,-0.010617853142071525,-0.05149257258275957
free_fall,0.1358238905942483,1.1,,,,,53.941447137563316,11.725220255598739,0.0,0.0,,,-0.011070402100965571,-0.052299612522935454
free_fall,0.1368230049302483,1.1,,,,,54.61265777800495,11.725220255598739,0.0,0.0,,,-0.01153273370853234,-0.05311077698791017
free_fall,0.1378221192662483,1.1,,,,,55.28386841844659,11.725220255598739,0.0,0.0,,,-0.012004847964771841,-0.05392601810532581
free_fall,0.1388212336032483,1.1,,,,,55.95507905956002,11.725220255598739,0.0,0.0,,,-0.012486744870171285,-0.05474528878671342
free_fall,0.1398203479392483,1.1,,,,,56.62628970000165,11.725220255598739,0.0,0.0,,,-0.01297842442376603,-0.05556854273067134
free_fall,0.1408194622752483,1.1,,,,,57.29750034044328,11.725220255598739,0.0,0.0,,,-0.013479886626033501,-0.05639573443413925
free_fall,0.1418185766112483,1.1,,,,,57.968710980884914,11.725220255598739,0.0,0.0,,,-0.013991131476973697,-0.0572268191953669
free_fall,0.1428176909472483,1.1,,,,,58.63992162132654,11.725220255598739,0.0,0.0,,,-0.014512158976586626,-0.058061753120866796
free_fall,0.1438168052832483,1.1,,,,,59.31113226176818,11.725220255598739,0.0,0.0,,,-0.015042969124872277,-0.05890049313143793
free_fall,0.1448159196192483,1.1,,,,,59.982342902209815,11.725220255598739,0.0,0.0,,,-0.015583561921830656,-0.05974299696807785
free_fall,0.1458150339552483,1.1,,,,,60.653553542651444,11.725220255598739,0.0,0.0,,,-0.016133937367461763,-0.060589223197782024
free_fall,0.1468141482912483,1.1,,,,,61.32476418309307,11.725220255598739,0.0,0.0,,,-0.016694095461765597,-0.06143913121923
free_fall,0.14781326262824832,1.1,,,,,61.99597482420651,11.725220255598739,0.0,0.0,,,-0.017264036205317496,-0.062292681269213473
free_fall,0.14881237696424832,1.1,,,,,62.66718546464814,11.725220255598739,0.0,0.0,,,-0.01784375959697658,-0.0631498344246724
free_fall,0.1498114913002483,1.1,,,,,63.33839610508977,11.725220255598739,0.0,0.0,,,-0.018433265637308384,-0.06401055261316234
free_fall,0.15081060563624832,1.1,,,,,64.00960674553141,11.725220255598739,0.0,0.0,,,-0.019032554326312914,-0.0648747986146659
free_fall,0.1518097199722483,1.1,,,,,64.68081738597304,11.725220255598739,0.0,0.0,,,-0.019641625663990178,-0.06574253606755304
free_fall,0.1528088343082483,1.1,,,,,65.35202802641467,11.725220255598739,0.0,0.0,,,-0.020260479650340165,-0.06661372947357125
free_fall,0.1538079486442483,1.1,,,,,66.02323866685632,11.725220255598739,0.0,0.0,,,-0.02088911628536288,-0.06748834420271722
free_fall,0.1548070629802483,1.1,,,,,66.69444930729794,11.725220255598739,0.0,0.0,,,-0.021527535569058318,-0.06836634649798921
free_fall,0.1558061773162483,1.1,,,,,67.36565994773957,11.725220255598739,0.0,0.0,,,-0.02217573750142649,-0.06924770348001984
free_fall,0.1568052916532483,1.1,,,,,68.036870588853,11.725220255598739,0.0,0.0,,,-0.022833722083130847,-0.07013238315247529
free_fall,0.1578044059892483,1.1,,,,,68.70808122929463,11.725220255598739,0.0,0.0,,,-0.02350148931285426,-0.07102035440290146
free_fall,0.1588035203252483,1.1,,,,,69.37929186973626,11.725220255598739,0.0,0.0,,,-0.024179039191250404,-0.07191158701230613
free_fall,0.1598026346612483,1.1,,,,,70.05050251017789,11.725220255598739,0.0,0.0,,,-0.02486637171831927,-0.07280605165576774
free_fall,0.1608017489972483,1.1,,,,,70.72171315061954,11.725220255598739,0.0,0.0,,,-0.025563486894060867,-0.0737037199073436
free_fall,0.1618008633332483,1.1,,,,,71.39292379106116,11.725220255598739,0.0,0.0,,,-0.02627038471847519,-0.07460456424397094
free_fall,0.1627999776692483,1.1,,,,,72.0641344315028,11.725220255598739,0.0,0.0,,,-0.026987065191562232,-0.07550855804924404
free_fall,0.1637990920052483,1.1,,,,,72.73534507194442,11.725220255598739,0.0,0.0,,,-0.027713528313322012,-0.07641567561706705
free_fall,0.1647982063422483,1.1,,,,,73.40655571305787,11.725220255598739,0.0,0.0,,,-0.02844977408449631,-0.07732589215609423
free_fall,0.16579732067824832,1.1,,,,,74.0777663534995,11.725220255598739,0.0,0.0,,,-0.029195802503611333,-0.07823918378948516
free_fall,0.1667964350142483,1.1,,,,,74.74897699394113,11.725220255598739,0.0,0.0,,,-0.029951613571399083,-0.07915552756364753
free_fall,0.16779554935024832,1.1,,,,,75.42018763438277,11.725220255598739,0.0,0.0,,,-0.03071720728785956,-0.08007490144774618
free_fall,0.1687946636862483,1.1,,,,,76.0913982748244,11.725220255598739,0.0,0.0,,,-0.03149258365299276,-0.080997284337636
free_fall,0.16979377802224832,1.1,,,,,76.76260891526603,11.725220255598739,0.0,0.0,,,-0.03227774266679869,-0.0819226560587583
free_fall,0.1707928923582483,1.1,,,,,77.43381955570766,11.725220255598739,0.0,0.0,,,-0.033072684329277346,-0.08285099736890933
free_fall,0.1717920066942483,1.1,,,,,78.10503019614929,11.725220255598739,0.0,0.0,,,-0.03387740864042873,-0.08378228996088108
free_fall,0.1727911210302483,1.1,,,,,78.77624083659092,11.725220255598739,0.0,0.0,,,-0.03469191560025284,-0.08471651646497366
free_fall,0.1737902353672483,1.1,,,,,79.44745147770435,11.725220255598739,0.0,0.0,,,-0.03551620520957959,-0.08565366045231851
free_fall,0.1747893497032483,1.1,,,,,80.11866211814598,11.725220255598739,0.0,0.0,,,-0.03635027746675895,-0.08659370643337827
free_fall,0.1757884640392483,1.1,,,,,80.78987275858762,11.725220255598739,0.0,0.0,,,-0.03719413237261104,-0.08753663986570019
free_fall,0.1767875783752483,1.1,,,,,81.46108339902926,11.725220255598739,0.0,0.0,,,-0.03804776992713585,-0.08848244715216294
free_fall,0.1777866927112483,1.1,,,,,82.13229403947089,11.725220255598739,0.0,0.0,,,-0.03891119013033339,-0.08943111564377917
free_fall,0.1787858070472483,1.1,,,,,82.80350467991252,11.725220255598739,0.0,0.0,,,-0.039784392982203653,-0.09038263364143143
free_fall,0.1797849213832483,1.1,,,,,83.47471532035415,11.725220255598739,0.0,0.0,,,-0.04066737848274664,-0.09133699039747764
free_fall,0.1807840357192483,1.1,,,,,84.14592596079578,11.725220255598739,0.0,0.0,,,-0.04156014663196236,-0.09229417611722612
free_fall,0.1817831500562483,1.1,,,,,84.81713660190923,11.725220255598739,0.0,0.0,,,-0.042462697430759054,-0.09325418196124202
free_fall,0.18278226439224832,1.1,,,,,85.48834724235086,11.725220255598739,0.0,0.0,,,-0.043375030877330016,-0.09421700004271422
free_fall,0.1837813787282483,1.1,,,,,86.15955788279248,11.725220255598739,0.0,0.0,,,-0.04429714697257371,-0.09518262343430269
free_fall,0.18478049306424832,1.1,,,,,86.83076852323411,11.725220255598739,0.0,0.0,,,-0.04522904571649013,-0.09615104616524858
free_fall,0.1857796074002483,1.1,,,,,87.50197916367574,11.725220255598739,0.0,0.0,,,-0.046170727109079275,-0.09712226322315318
free_fall,0.18677872173624832,1.1,,,,,88.17318980411737,11.725220255598739,0.0,0.0,,,-0.04712219115034115,-0.09809627055466563
free_fall,0.1877778360722483,1.1,,,,,88.84440044455903,11.725220255598739,0.0,0.0,,,-0.048083437840275745,-0.09907306506603938
free_fall,0.18877695040824832,1.1,,,,,89.51561108500066,11.725220255598739,0.0,0.0,,,-0.04905446717888308,-0.10005264462355666
free_fall,0.1897760647442483,1.1,,,,,90.18682172544229,11.725220255598739,0.0,0.0,,,-0.050035279166163134,-0.10103500805382126
free_fall,0.1907751790812483,1.1,,,,,90.85803236655572,11.725220255598739,0.0,0.0,,,-0.05102587380311228,-0.10202015514490709
free_fall,0.1917742934172483,1.1,,,,,91.52924300699735,11.725220255598739,0.0,0.0,,,-0.052026251087747576,-0.10300808664244043
free_fall,0.1927734077532483,1.1,,,,,92.20045364743898,11.725220255598739,0.0,0.0,,,-0.0530364110210556,-0.10399880425541355
free_fall,0.1937725220892483,1.1,,,,,92.87166428788062,11.725220255598739,0.0,0.0,,,-0.05405635360303636,-0.1049923106520089
free_fall,0.1947716364252483,1.1,,,,,93.54287492832225,11.725220255598739,0.0,0.0,,,-0.055086078833689836,-0.10598860946021767
free_fall,0.1957707507612483,1.1,,,,,94.21408556876388,11.725220255598739,0.0,0.0,,,-0.056125586713016054,-0.10698770526734186
free_fall,0.1967698650972483,1.1,,,,,94.8852962092055,11.725220255598739,0.0,0.0,,,-0.057174877241014985,-0.10798960361936467
free_fall,0.1977689794332483,1.1,,,,,95.55650684964714,11.725220255598739,0.0,0.0,,,-0.05823395041768665,-0.10899431102018957
free_fall,0.1987680937692483,1.1,,,,,96.22771749008876,11.725220255598739,0.0,0.0,,,-0.05930280624303104,-0.11000183493074753
free_fall,0.19976720810624832,1.1,,,,,96.8989281312022,11.725220255598739,0.0,0.0,,,-0.06038144471813263,-0.11101218376898589
free_fall,0.2007663224422483,1.1,,,,,97.57013877164383,11.725220255598739,0.0,0.0,,,-0.06146986584083228,-0.1120253669046655
free_fall,0.20176543677824832,1.1,,,,,98.24134941208547,11.725220255598739,0.0,0.0,,,-0.06256806961220464,-0.11304139466414179
free_fall,0.2027645511142483,1.1,,,,,98.9125600525271,11.725220255598739,0.0,0.0,,,-0.06367605603224973,-0.11406027832490596
free_fall,0.20376366545024832,1.1,,,,,99.58377069296874,11.725220255598739,0.0,0.0,,,-0.06479382510096754,-0.11508203011504688
free_fall,0.2047627797862483,1.1,,,,,100.25498133341037,11.725220255598739,0.0,0.0,,,-0.06592137681835808,-0.11610666321157302
free_fall,0.20576189412224832,1.1,,,,,100.92619197385201,11.725220255598739,0.0,0.0,,,-0.06705871118442136,-0.11713419173860419
free_fall,0.2067610084582483,1.1,,,,,101.59740261429364,11.725220255598739,0.0,0.0,,,-0.06820582819915735,-0.11816463076543304
free_fall,0.2077601227952483,1.1,,,,,102.26861325540708,11.725220255598739,0.0,0.0,,,-0.06936272786372889,-0.11919799630549291
free_fall,0.2087592371312483,1.1,,,,,102.9398238958487,11.725220255598739,0.0,0.0,,,-0.07052941017582012,-0.12023430531002025
free_fall,0.2097583514672483,1.1,,,,,103.61103453629033,11.725220255598739,0.0,0.0,,,-0.07170587513658411,-0.12127357567193364
free_fall,0.2107574658032483,1.1,,,,,104.28224517673198,11.725220255598739,0.0,0.0,,,-0.0728921227460208,-0.12231582621924428
free_fall,0.2117565801392483,1.1,,,,,104.9534558171736,11.725220255598739,0.0,0.0,,,-0.07408815300413021,-0.12336107671350488
free_fall,0.2127556944752483,1.1,,,,,105.62466645761522,11.725220255598739,0.0,0.0,,,-0.07529396591091238,-0.12440934784709769
free_fall,0.2137548088112483,1.1,,,,,106.29587709805686,11.725220255598739,0.0,0.0,,,-0.07650956146636725,-0.1254606612403947
free_fall,0.2147539231472483,1.1,,,,,106.96708773849849,11.725220255598739,0.0,0.0,,,-0.07773493967049486,-0.12651503943879072
free_fall,0.2157530374832483,1.1,,,,,107.63829837894015,11.725220255598739,0.0,0.0,,,-0.07897010052329519,-0.1275725059096091
free_fall,0.21675215182024832,1.1,,,,,108.30950902005355,11.725220255598739,0.0,0.0,,,-0.08021504402601919,-0.1286330850399445
free_fall,0.2177512661562483,1.1,,,,,108.98071966049521,11.725220255598739,0.0,0.0,,,-0.08146977017617477,-0.12969680212906684
free_fall,0.21875038049224832,1.1,,,,,109.65193030093684,11.725220255598739,0.0,0.0,,,-0.08273427897500307,-0.13076368339131833
free_fall,0.2197494948282483,1.1,,,,,110.32314094137847,11.725220255598739,0.0,0.0,,,-0.08400857042250409,-0.131833755948273
free_fall,0.22074860916424832,1.1,,,,,110.9943515818201,11.725220255598739,0.0,0.0,,,-0.08529264451867787,-0.13290704782607465
free_fall,0.2217477235002483,1.1,,,,,111.66556222226173,11.725220255598739,0.0,0.0,,,-0.08658650126352435,-0.13398358795159065
free_fall,0.22274683783624832,1.1,,,,,112.33677286270337,11.725220255598739,0.0,0.0,,,-0.08789014065704356,-0.13506340614844217
free_fall,0.2237459521722483,1.1,,,,,113.007983503145,11.725220255598739,0.0,0.0,,,-0.0892035626992355,-0.13614653313291125
free_fall,0.2247450665092483,1.1,,,,,113.67919414425843,11.725220255598739,0.0,0.0,,,-0.09052676739142944,-0.1372330005108146
free_fall,0.2257441808452483,1.1,,,,,114.35040478470006,11.725220255598739,0.0,0.0,,,-0.09185975473097663,-0.1383228407688132
free_fall,0.2267432951812483,1.1,,,,,115.02161542514169,11.725220255598739,0.0,0.0,,,-0.09320252471919653,-0.13941608727647825
free_fall,0.2277424095172483,1.1,,,,,115.69282606558332,11.725220255598739,0.0,0.0,,,-0.09455507735608917,-0.1405127742773654
free_fall,0.2287415238532483,1.1,,,,,116.36403670602493,11.725220255598739,0.0,0.0,,,-0.09591741264165454,-0.14161293688540114
free_fall,0.2297406381892483,1.1,,,,,117.03524734646658,11.725220255598739,0.0,0.0,,,-0.09728953057589265,-0.14271661108006387
free_fall,0.2307397525252483,1.1,,,,,117.70645798690823,11.725220255598739,0.0,0.0,,,-0.09867143115880346,-0.1438238337014462
free_fall,0.2317388668612483,1.1,,,,,118.37766862734986,11.725220255598739,0.0,0.0,,,-0.10006311439038701,-0.14493464244519932
free_fall,0.2327379811972483,1.1,,,,,119.04887926779149,11.725220255598739,0.0,0.0,,,-0.10146458027064326,-0.14604907585735952
free_fall,0.23373709553424832,1.1,,,,,119.72008990890492,11.725220255598739,0.0,0.0,,,-0.10287582880098968,-0.14716717333017962
free_fall,0.2347362098702483,1.1,,,,,120.39130054934657,11.725220255598739,0.0,0.0,,,-0.10429685997860119,-0.14828897509224265
free_fall,0.23573532420624832,1.1,,,,,121.06251118978818,11.725220255598739,0.0,0.0,,,-0.10572767380488543,-0.14941452220965554
free_fall,0.2367344385422483,1.1,,,,,121.7337218302298,11.725220255598739,0.0,0.0,,,-0.10716827027984241,-0.15054385657594083
free_fall,0.23773355287824832,1.1,,,,,122.40493247067144,11.725220255598739,0.0,0.0,,,-0.1086186494034721,-0.1516770209074044
free_fall,0.2387326672142483,1.1,,,,,123.07614311111308,11.725220255598739,0.0,0.0,,,-0.11007881117577456,-0.15281405873727366
free_fall,0.23973178155024832,1.1,,,,,123.74735375155471,11.725220255598739,0.0,0.0,,,-0.1115487555967497,-0.1539550144097228
free_fall,0.2407308958862483,1.1,,,,,124.41856439199636,11.725220255598739,0.0,0.0,,,-0.11302848266639759,-0.15509993307378758
free_fall,0.2417300102232483,1.1,,,,,125.08977503310977,11.725220255598739,0.0,0.0,,,-0.11451799238621391,-0.15624886067832092
free_fall,0.2427291245592483,1.1,,,,,125.76098567355143,11.725220255598739,0.0,0.0,,,-0.11601728475321704,-0.15740184396108364
free_fall,0.2437282388952483,1.1,,,,,126.43219631399303,11.725220255598739,0.0,0.0,,,-0.11752635976889289,-0.15855893044922953
free_fall,0.2447273532312483,1.1,,,,,127.10340695443469,11.725220255598739,0.0,0.0,,,-0.11904521743324148,-0.15972016844818748
free_fall,0.2457264675672483,1.1,,,,,127.77461759487629,11.725220255598739,0.0,0.0,,,-0.12057385774626278,-0.16088560703618007
free_fall,0.2467255819032483,1.1,,,,,128.44582823531795,11.725220255598739,0.0,0.0,,,-0.12211228070795682,-0.16205529605748833
free_fall,0.2477246962392483,1.1,,,,,129.11703887575956,11.725220255598739,0.0,0.0,,,-0.1236604863183236,-0.16322928611561138
free_fall,0.2487238105752483,1.1,,,,,129.7882495162012,11.725220255598739,0.0,0.0,,,-0.1252184745773631,-0.16440762856632163
free_fall,0.2497229249112483,1.1,,,,,130.45946015664282,11.725220255598739,0.0,0.0,,,-0.12678624548507528,-0.16559037551061717
free_fall,0.2507220392482483,1.1,,,,,131.1306707977563,11.725220255598739,0.0,0.0,,,-0.12836379904304407,-0.16677757978876198
free_fall,0.2517211535842483,1.1,,,,,131.80188143819788,11.725220255598739,0.0,0.0,,,-0.12995113524811153,-0.16796929496827714
free_fall,0.25272026792024826,1.1,,,,,132.4730920786395,11.725220255598739,0.0,0.0,,,-0.13154825410185172,-0.1691655753437185
free_fall,0.2537193822562483,1.1,,,,,133.14430271908114,11.725220255598739,0.0,0.0,,,-0.13315515560426464,-0.1703664759244772
free_fall,0.2547184965922483,1.1,,,,,133.8155133595228,11.725220255598739,0.0,0.0,,,-0.1347718397553503,-0.1715720524284165
free_fall,0.2557176109282483,1.1,,,,,134.48672399996443,11.725220255598739,0.0,0.0,,,-0.13639830655510865,-0.1727823612742252
free_fall,0.25671672526424827,1.1,,,,,135.15793464040607,11.725220255598739,0.0,0.0,,,-0.13803455600353975,-0.17399745957367507
free_fall,0.2577158396002483,1.1,,,,,135.82914528084768,11.725220255598739,0.0,0.0,,,-0.13968058810064357,-0.17521740512378295
free_fall,0.2587149539362483,1.1,,,,,136.50035592128933,11.725220255598739,0.0,0.0,,,-0.14133640284642013,-0.17644225639887906
free_fall,0.2597140682732483,1.1,,,,,137.17156656240277,11.725220255598739,0.0,0.0,,,-0.1430020002425414,-0.17767207254381553
free_fall,0.2607131826092483,1.1,,,,,137.84277720284442,11.725220255598739,0.0,0.0,,,-0.14467738028567317,-0.1789069133609213
free_fall,0.26171229694524833,1.1,,,,,138.51398784328603,11.725220255598739,0.0,0.0,,,-0.14636254297747772,-0.18014683930918
free_fall,0.2627114112812483,1.1,,,,,139.18519848372765,11.725220255598739,0.0,0.0,,,-0.14805748831795496,-0.18139191149101444
free_fall,0.2637105256172483,1.1,,,,,139.8564091241693,11.725220255598739,0.0,0.0,,,-0.14976221630710496,-0.18264219164512963
free_fall,0.2647096399532483,1.1,,,,,140.52761976461093,11.725220255598739,0.0,0.0,,,-0.15147672694492764,-0.18389774213803992
free_fall,0.26570875428924834,1.1,,,,,141.19883040505258,11.725220255598739,0.0,0.0,,,-0.1532010202314231,-0.18515862595551022
free_fall,0.2667078686252483,1.1,,,,,141.87004104549422,11.725220255598739,0.0,0.0,,,-0.15493509616659126,-0.18642490669391196
free_fall,0.26770698296224826,1.1,,,,,142.54125168660764,11.725220255598739,0.0,0.0,,,-0.1566789547521824,-0.18769664855277102
free_fall,0.2687060972982483,1.1,,,,,143.21246232704925,11.725220255598739,0.0,0.0,,,-0.15843259598470583,-0.1889739163208607
free_fall,0.2697052116342483,1.1,,,,,143.8836729674909,11.725220255598739,0.0,0.0,,,-0.16019601986590196,-0.1902567753749468
free_fall,0.2707043259702483,1.1,,,,,144.5548836079325,11.725220255598739,0.0,0.0,,,-0.16196922639577083,-0.19154529166573028
free_fall,0.27170344030624827,1.1,,,,,145.22609424837415,11.725220255598739,0.0,0.0,,,-0.16375221557431238,-0.192839531710066
free_fall,0.2727025546422483,1.1,,,,,145.8973048888158,11.725220255598739,0.0,0.0,,,-0.1655449874015267,-0.19413956258183487
free_fall,0.2737016689782483,1.1,,,,,146.56851552925744,11.725220255598739,0.0,0.0,,,-0.16734754187741374,-0.19544545190273843
free_fall,0.2747007833142483,1.1,,,,,147.23972616969905,11.725220255598739,0.0,0.0,,,-0.16915987900197352,-0.19675726783301897
free_fall,0.27569989765024827,1.1,,,,,147.91093681014067,11.725220255598739,0.0,0.0,,,-0.17098199877520603,-0.19807507906210545
free_fall,0.27669901198724833,1.1,,,,,148.58214745125412,11.725220255598739,0.0,0.0,,,-0.17281390119894968,-0.19939895480051478
free_fall,0.2776981263232483,1.1,,,,,149.2533580916958,11.725220255598739,0.0,0.0,,,-0.17465558626953742,-0.20072896476504795
free_fall,0.2786972406592483,1.1,,,,,149.92456873213737,11.725220255598739,0.0,0.0,,,-0.17650705398879787,-0.20206517917717193
free_fall,0.2796963549952483,1.1,,,,,150.595779372579,11.725220255598739,0.0,0.0,,,-0.1783683043567311,-0.20340766874808908
free_fall,0.28069546933124834,1.1,,,,,151.26699001302063,11.725220255598739,0.0,0.0,,,-0.18023933737333703,-0.20475650467035475
free_fall,0.2816945836672483,1.1,,,,,151.9382006534623,11.725220255598739,0.0,0.0,,,-0.18212015303861567,-0.20611175860810751
free_fall,0.2826936980032483,1.1,,,,,152.60941129390392,11.725220255598739,0.0,0.0,,,-0.18401075135256703,-0.207473502687234
free_fall,0.2836928123392483,1.1,,,,,153.28062193434556,11.725220255598739,0.0,0.0,,,-0.18591113231519113,-0.20884180948547082
free_fall,0.2846919266762483,1.1,,,,,153.95183257545898,11.725220255598739,0.0,0.0,,,-0.18782129592840469,-0.21021675202382356
free_fall,0.2856910410122483,1.1,,,,,154.6230432159006,11.725220255598739,0.0,0.0,,,-0.18974124218838403,-0.21159840375103495
free_fall,0.28669015534824827,1.1,,,,,155.29425385634224,11.725220255598739,0.0,0.0,,,-0.1916709710970361,-0.21298683854176115
free_fall,0.2876892696842483,1.1,,,,,155.96546449678385,11.725220255598739,0.0,0.0,,,-0.19361048265436093,-0.21438213068093614
free_fall,0.2886883840202483,1.1,,,,,156.6366751372255,11.725220255598739,0.0,0.0,,,-0.19555977686035847,-0.21578435485494973
free_fall,0.2896874983562483,1.1,,,,,157.30788577766714,11.725220255598739,0.0,0.0,,,-0.1975188537150287,-0.21719358614139797
free_fall,0.29068661269224827,1.1,,,,,157.97909641810878,11.725220255598739,0.0,0.0,,,-0.19948771321837167,-0.21860989999878006
free_fall,0.2916857270282483,1.1,,,,,158.65030705855042,11.725220255598739,0.0,0.0,,,-0.2014663553703874,-0.2200333722561424
free_fall,0.2926848413642483,1.1,,,,,159.32151769899204,11.725220255598739,0.0,0.0,,,-0.20345478017107582,-0.2214640791026722
free_fall,0.2936839557012483,1.1,,,,,159.9927283401055,11.725220255598739,0.0,0.0,,,-0.2054529876224419,-0.22290209707868486
free_fall,0.2946830700372483,1.1,,,,,160.66393898054713,11.725220255598739,0.0,0.0,,,-0.2074609777204856,-0.22434750305935516
free_fall,0.29568218437324834,1.1,,,,,161.33514962098874,11.725220255598739,0.0,0.0,,,-0.209478750467202,-0.2258003742528029
free_fall,0.2966812987092483,1.1,,,,,162.00636026143036,11.725220255598739,0.0,0.0,,,-0.21150630586259112,-0.22726078818374734
free_fall,0.2976804130452483,1.1,,,,,162.677570901872,11.725220255598739,0.0,0.0,,,-0.21354364390665298,-0.22872882268430383
free_fall,0.2986795273812483,1.1,,,,,163.34878154231365,11.725220255598739,0.0,0.0,,,-0.21559076459938759,-0.23020455588330235
free_fall,0.29967864171724834,1.1,,,,,164.0199921827553,11.725220255598739,0.0,0.0,,,-0.21764766794079493,-0.23168806619556545
free_fall,0.3006777560532483,1.1,,,,,164.6912028231969,11.725220255598739,0.0,0.0,,,-0.21971435393087496,-0.2331794323111469
free_fall,0.3016768703892483,1.1,,,,,165.36241346363857,11.725220255598739,0.0,0.0,,,-0.22179082256962773,-0.2346787331845328
free_fall,0.3026759847262483,1.1,,,,,166.033624104752,11.725220255598739,0.0,0.0,,,-0.22387707385914618,-0.2361860480253185
free_fall,0.3036750990622483,1.1,,,,,166.70483474519358,11.725220255598739,0.0,0.0,,,-0.2259731077952542,-0.23770145628129635
free_fall,0.3046742133982483,1.1,,,,,167.37604538563522,11.725220255598739,0.0,0.0,,,-0.22807892438003494,-0.2392250376366033
free_fall,0.30567332773424827,1.1,,,,,168.04725602607684,11.725220255598739,0.0,0.0,,,-0.23019452361348844,-0.24075687199475979
free_fall,0.3066724420702483,1.1,,,,,168.7184666665185,11.725220255598739,0.0,0.0,,,-0.23231990549561465,-0.2422970394692082
free_fall,0.3076715564062483,1.1,,,,,169.38967730696015,11.725220255598739,0.0,0.0,,,-0.23445507002641358,-0.24384562037231877
free_fall,0.3086706707422483,1.1,,,,,170.06088794740177,11.725220255598739,0.0,0.0,,,-0.2366000172058852,-0.2454026952043677
free_fall,0.30966978507824827,1.1,,,,,170.73209858784344,11.725220255598739,0.0,0.0,,,-0.2387547470340296,-0.24696834464248985
free_fall,0.31066889941524833,1.1,,,,,171.40330922895686,11.725220255598739,0.0,0.0,,,-0.24091925951301804,-0.2485426495311866
free_fall,0.3116680137512483,1.1,,,,,172.07451986939847,11.725220255598739,0.0,0.0,,,-0.24309355463851767,-0.2501256908649202
free_fall,0.3126671280872483,1.1,,,,,172.74573050984012,11.725220255598739,0.0,0.0,,,-0.24527763241269002,-0.25171754978645194
free_fall,0.3136662424232483,1.1,,,,,173.4169411502817,11.725220255598739,0.0,0.0,,,-0.2474714928355351,-0.2533183075694128
free_fall,0.31466535675924834,1.1,,,,,174.08815179072337,11.725220255598739,0.0,0.0,,,-0.24967513590705293,-0.2549280456087208
free_fall,0.3156644710952483,1.1,,,,,174.759362431165,11.725220255598739,0.0,0.0,,,-0.2518885616272435,-0.256546845409411
free_fall,0.3166635854312483,1.1,,,,,175.43057307160663,11.725220255598739,0.0,0.0,,,-0.25411176999610674,-0.25817478857545
free_fall,0.3176626997672483,1.1,,,,,176.1017837120483,11.725220255598739,0.0,0.0,,,-0.25634476101364273,-0.25981195679853714
free_fall,0.31866181410324834,1.1,,,,,176.77299435248992,11.725220255598739,0.0,0.0,,,-0.2585875346798514,-0.26145843184689294
free_fall,0.3196609284402483,1.1,,,,,177.44420499360334,11.725220255598739,0.0,0.0,,,-0.2608400909969923,-0.2631142955557003
free_fall,0.32066004277624827,1.1,,,,,178.11541563404492,11.725220255598739,0.0,0.0,,,-0.2631024299605562,-0.2647796298092349
free_fall,0.3216591571122483,1.1,,,,,178.78662627448657,11.725220255598739,0.0,0.0,,,-0.2653745515727929,-0.26645451653957114
free_fall,0.3226582714482483,1.1,,,,,179.4578369149282,11.725220255598739,0.0,0.0,,,-0.26765645583370234,-0.2681390377087188
free_fall,0.3236573857842483,1.1,,,,,180.12904755536985,11.725220255598739,0.0,0.0,,,-0.2699481427432845,-0.2700630101875419
free_fall,0.32465650012024827,1.1,,,,,180.8002581958115,11.725220255598739,0.0,0.0,,,-0.2722496123015394,-0.27296191330114444
free_fall,0.3256556144562483,1.1,,,,,181.47146883625314,11.725220255598739,0.0,0.0,,,-0.27456086450846695,-0.27587050131021873
free_fall,0.32665472879224833,1.1,,,,,182.14267947669478,11.725220255598739,0.0,0.0,,,-0.27688189936406726,-0.2787886922389053
free_fall,0.3276538431292483,1.1,,,,,182.8138901178082,11.725220255598739,0.0,0.0,,,-0.2792127168706781,-0.28171640413894483
free_fall,0.3286529574652483,1.1,,,,,183.4851007582498,11.725220255598739,0.0,0.0,,,-0.28155331702363373,-0.2846535550891943
free_fall,0.32965207180124834,1.1,,,,,184.15631139869149,11.725220255598739,0.0,0.0,,,-0.283903699825262,-0.2876000632244504
free_fall,0.3306511861372483,1.1,,,,,184.82752203913307,11.725220255598739,0.0,0.0,,,-0.286263865275563,-0.29055584673497337
free_fall,0.3316503004732483,1.1,,,,,185.49873267957472,11.725220255598739,0.0,0.0,,,-0.28863381337453675,-0.29352082388063916
free_fall,0.3326494148092483,1.1,,,,,186.16994332001633,11.725220255598739,0.0,0.0,,,-0.2910135441221833,-0.2964949130021579
free_fall,0.33364852914524834,1.1,,,,,186.841153960458,11.725220255598739,0.0,0.0,,,-0.2934030575185025,-0.2994780325322796
free_fall,0.3346476434812483,1.1,,,,,187.51236460089964,11.725220255598739,0.0,0.0,,,-0.2958023535634944,-0.3024701010069888
free_fall,0.3356467578172483,1.1,,,,,188.18357524134126,11.725220255598739,0.0,0.0,,,-0.29821143225715907,-0.3054710370766841
free_fall,0.3366458721542483,1.1,,,,,188.85478588245468,11.725220255598739,0.0,0.0,,,-0.3006302936019223,-0.3084807595203588
free_fall,0.3376449864902483,1.1,,,,,189.52599652289635,11.725220255598739,0.0,0.0,,,-0.30305893759294217,-0.31149918724468983
free_fall,0.3386441008262483,1.1,,,,,190.19720716333794,11.725220255598739,0.0,0.0,,,-0.30549736423263485,-0.31452623931323986
free_fall,0.33964321516224827,1.1,,,,,190.86841780377958,11.725220255598739,0.0,0.0,,,-0.30794557352100016,-0.31756183494552437
free_fall,0.3406423294982483,1.1,,,,,191.5396284442212,11.725220255598739,0.0,0.0,,,-0.31040356545803827,-0.3206058935311058
free_fall,0.3416414438342483,1.1,,,,,192.21083908466287,11.725220255598739,0.0,0.0,,,-0.3128713400437491,-0.323658334640656
free_fall,0.3426405581702483,1.1,,,,,192.88204972510448,11.725220255598739,0.0,0.0,,,-0.3153488972781326,-0.32671907803699385
free_fall,0.3436396725062483,1.1,,,,,193.55326036554612,11.725220255598739,0.0,0.0,,,-0.3178362371611889,-0.32978804368609727
free_fall,0.3446387868422483,1.1,,,,,194.2244710059877,11.725220255598739,0.0,0.0,,,-0.3203333596929179,-0.3328651517680859
free_fall,0.3456379011792483,1.1,,,,,194.8956816471012,11.725220255598739,0.0,0.0,,,-0.3228402648758336,-0.3359503226912682
free_fall,0.3466370155152483,1.1,,,,,195.56689228754283,11.725220255598739,0.0,0.0,,,-0.32535695270491793,-0.3390434770907039
free_fall,0.3476361298512483,1.1,,,,,196.23810292798441,11.725220255598739,0.0,0.0,,,-0.3278834231826748,-0.3421445358576231
free_fall,0.34863524418724834,1.1,,,,,196.90931356842606,11.725220255598739,0.0,0.0,,,-0.33041967630910457,-0.3452534201379398
free_fall,0.3496343585232483,1.1,,,,,197.58052420886773,11.725220255598739,0.0,0.0,,,-0.33296571208420694,-0.3483700513461564
free_fall,0.3506334728592483,1.1,,,,,198.25173484930934,11.725220255598739,0.0,0.0,,,-0.3355215305079821,-0.3514943511761497
free_fall,0.3516325871952483,1.1,,,,,198.922945489751,11.725220255598739,0.0,0.0,,,-0.33808713158043,-0.3546262416119162
free_fall,0.35263170153124834,1.1,,,,,199.5941561301926,11.725220255598739,0.0,0.0,,,-0.34066251530155056,-0.3577656449382794
free_fall,0.3536308158682483,1.1,,,,,200.26536677130605,11.725220255598739,0.0,0.0,,,-0.3432476816739362,-0.3609124837547082
free_fall,0.35462993020424827,1.1,,,,,200.9365774117477,11.725220255598739,0.0,0.0,,,-0.3458426306924121,-0.36406668097333356
free_fall,0.3556290445402483,1.1,,,,,201.60778805218928,11.725220255598739,0.0,0.0,,,-0.34844736235956064,-0.3672281598484244
free_fall,0.3566281588762483,1.1,,,,,202.27899869263092,11.725220255598739,0.0,0.0,,,-0.35106187667538197,-0.37039684397432965
free_fall,0.3576272732122483,1.1,,,,,202.95020933307256,11.725220255598739,0.0,0.0,,,-0.353686173639876,-0.37357265729910943
free_fall,0.35862638754824827,1.1,,,,,203.6214199735142,11.725220255598739,0.0,0.0,,,-0.35632025325304273,-0.37675552413497215
free_fall,0.3596255018842483,1.1,,,,,204.29263061395582,11.725220255598739,0.0,0.0,,,-0.3589641155148823,-0.3799453691686617
free_fall,0.36062461622024833,1.1,,,,,204.96384125439747,11.725220255598739,0.0,0.0,,,-0.3616177604253944,-0.3831421174717927
free_fall,0.3616237305562483,1.1,,,,,205.63505189483905,11.725220255598739,0.0,0.0,,,-0.36428118798457937,-0.3863456945111344
free_fall,0.3626228448932483,1.1,,,,,206.30626253595256,11.725220255598739,0.0,0.0,,,-0.3669543981951175,-0.38955602616205437
free_fall,0.36362195922924834,1.1,,,,,206.97747317639417,11.725220255598739,0.0,0.0,,,-0.3696373910516577,-0.3927730387058333
free_fall,0.3646210735652483,1.1,,,,,207.64868381683584,11.725220255598739,0.0,0.0,,,-0.3723301665568707,-0.3959966588590594
free_fall,0.3656201879012483,1.1,,,,,208.31989445727743,11.725220255598739,0.0,0.0,,,-0.37503272471075627,-0.39922681377083996
free_fall,0.3666193022372483,1.1,,,,,208.99110509771907,11.725220255598739,0.0,0.0,,,-0.37774506551331466,-0.4024634310360096
free_fall,0.36761841657324834,1.1,,,,,209.6623157381607,11.725220255598739,0.0,0.0,,,-0.3804671889645457,-0.40570643870506584
free_fall,0.3686175309092483,1.1,,,,,210.33352637860233,11.725220255598739,0.0,0.0,,,-0.3831990950644495,-0.408955765294044
free_fall,0.3696166452452483,1.1,,,,,211.00473701904397,11.725220255598739,0.0,0.0,,,-0.3859407838130261,-0.4122113397943267
free_fall,0.3706157595822483,1.1,,,,,211.6759476601574,11.725220255598739,0.0,0.0,,,-0.3886922552130341,-0.4154730916856569
free_fall,0.3716148739182483,1.1,,,,,212.34715830059903,11.725220255598739,0.0,0.0,,,-0.3914535092589659,-0.4187409509327516
free_fall,0.3726139882542483,1.1,,,,,213.01836894104062,11.725220255598739,0.0,0.0,,,-0.3942245459535704,-0.4220148480144997
free_fall,0.37361310259024827,1.1,,,,,213.6895795814823,11.725220255598739,0.0,0.0,,,-0.39700536529684766,-0.4252947139204513
free_fall,0.3746122169262483,1.1,,,,,214.3607902219239,11.725220255598739,0.0,0.0,,,-0.3997959672887977,-0.4285804801635499
free_fall,0.3756113312622483,1.1,,,,,215.03200086236555,11.725220255598739,0.0,0.0,,,-0.40259635192942034,-0.4318720787895307
free_fall,0.3766104455982483,1.1,,,,,215.70321150280716,11.725220255598739,0.0,0.0,,,-0.4054065192187159,-0.4351694423862474
free_fall,0.3776095599342483,1.1,,,,,216.37442214324884,11.725220255598739,0.0,0.0,,,-0.4082264691566839,-0.4384725040929222
free_fall,0.37860867427024836,1.1,,,,,217.04563278369048,11.725220255598739,0.0,0.0,,,-0.4110562017433249,-0.4417811976093233
free_fall,0.3796077886072483,1.1,,,,,217.71684342480384,11.725220255598739,0.0,0.0,,,-0.41389571698148525,-0.4450954572081812
free_fall,0.3806069029432483,1.1,,,,,218.38805406524554,11.725220255598739,0.0,0.0,,,-0.41674501486548143,-0.448415217730938
free_fall,0.38160601727924826,1.1,,,,,219.05926470568716,11.725220255598739,0.0,0.0,,,-0.41960409539815025,-0.45174041461658865
free_fall,0.38260513161524834,1.1,,,,,219.73047534612877,11.725220255598739,0.0,0.0,,,-0.42247295857949196,-0.4550709838972807
free_fall,0.3836042459512483,1.1,,,,,220.4016859865704,11.725220255598739,0.0,0.0,,,-0.42535160440950615,-0.45840686221040555
free_fall,0.3846033602872483,1.1,,,,,221.07289662701203,11.725220255598739,0.0,0.0,,,-0.4282400328881933,-0.4617479868072959
free_fall,0.38560247462324826,1.1,,,,,221.7441072674537,11.725220255598739,0.0,0.0,,,-0.431138244015553,-0.4650942955618353
free_fall,0.38660158895924834,1.1,,,,,222.41531790789531,11.725220255598739,0.0,0.0,,,-0.43404623779158547,-0.4684457269789853
free_fall,0.3876007032952483,1.1,,,,,223.08652854833693,11.725220255598739,0.0,0.0,,,-0.4369640142162906,-0.4718022202032243
free_fall,0.38859981763224827,1.1,,,,,223.7577391894504,11.725220255598739,0.0,0.0,,,-0.43989157329260364,-0.47516371503026655
free_fall,0.38959893196824835,1.1,,,,,224.42894982989205,11.725220255598739,0.0,0.0,,,-0.4428289150146642,-0.4785301519018608
free_fall,0.3905980463042483,1.1,,,,,225.10016047033363,11.725220255598739,0.0,0.0,,,-0.44577603938539734,-0.4819014719341508
free_fall,0.3915971606402483,1.1,,,,,225.77137111077533,11.725220255598739,0.0,0.0,,,-0.4487329464048033,-0.48527761691230376
free_fall,0.39259627497624827,1.1,,,,,226.4425817512169,11.725220255598739,0.0,0.0,,,-0.4516996360728819,-0.48865852930186066
free_fall,0.39359538931224836,1.1,,,,,227.11379239165856,11.725220255598739,0.0,0.0,,,-0.45467610838963335,-0.4920441522566334
free_fall,0.39459450364824833,1.1,,,,,227.78500303210018,11.725220255598739,0.0,0.0,,,-0.4576623633550573,-0.4954344296265044
free_fall,0.3955936179842483,1.1,,,,,228.45621367254182,11.725220255598739,0.0,0.0,,,-0.4606584009691542,-0.49882930596513436
free_fall,0.39659273232124825,1.1,,,,,229.12742431365527,11.725220255598739,0.0,0.0,,,-0.463664221234937,-0.5022287265409741
free_fall,0.39759184665724834,1.1,,,,,229.79863495409688,11.725220255598739,0.0,0.0,,,-0.4666798241463892,-0.5056326373311639
free_fall,0.3985909609932483,1.1,,,,,230.4698455945385,11.725220255598739,0.0,0.0,,,-0.4697052097065139,-0.5090409850493592
free_fall,0.3995900753292483,1.1,,,,,231.1410562349801,11.725220255598739,0.0,0.0,,,-0.4727403779153115,-0.5124537171394405
free_fall,0.40058918966524826,1.1,,,,,231.81226687542176,11.725220255598739,0.0,0.0,,,-0.4757853287727817,-0.5158707817861244
free_fall,0.40158830400124834,1.1,,,,,232.4834775158634,11.725220255598739,0.0,0.0,,,-0.4788400622789247,-0.5192921279220758
free_fall,0.4025874183372483,1.1,,,,,233.15468815630504,11.725220255598739,0.0,0.0,,,-0.48190457843374035,-0.522717705234915
free_fall,0.4035865326732483,1.1,,,,,233.82589879674666,11.725220255598739,0.0,0.0,,,-0.4849788772372289,-0.5261474641741237
free_fall,0.40458564700924826,1.1,,,,,234.49710943718827,11.725220255598739,0.0,0.0,,,-0.48806295868938987,-0.5295813559578438
free_fall,0.4055847613462483,1.1,,,,,235.16832007830175,11.725220255598739,0.0,0.0,,,-0.49115682279332534,-0.5330193325830165
free_fall,0.4065838756822483,1.1,,,,,235.8395307187434,11.725220255598739,0.0,0.0,,,-0.4942604695428418,-0.5364613468182006
free_fall,0.40758299001824827,1.1,,,,,236.51074135918498,11.725220255598739,0.0,0.0,,,-0.4973738989410309,-0.5399073522307007
free_fall,0.40858210435424835,1.1,,,,,237.18195199962668,11.725220255598739,0.0,0.0,,,-0.5004971109878928,-0.5433573031791803
free_fall,0.4095812186902483,1.1,,,,,237.85316264006826,11.725220255598739,0.0,0.0,,,-0.5036301056834273,-0.5468111548233626
free_fall,0.4105803330262483,1.1,,,,,238.5243732805099,11.725220255598739,0.0,0.0,,,-0.5067728830276347,-0.5502688631301869
free_fall,0.4115794473622483,1.1,,,,,239.19558392095152,11.725220255598739,0.0,0.0,,,-0.5099254430205147,-0.5537303848798484
free_fall,0.41257856169824836,1.1,,,,,239.8667945613932,11.725220255598739,0.0,0.0,,,-0.5130877856620676,-0.5571956776717321
free_fall,0.4135776760352483,1.1,,,,,240.5380052025066,11.725220255598739,0.0,0.0,,,-0.5162599109554727,-0.5606646999337038
free_fall,0.4145767903712483,1.1,,,,,241.20921584294823,11.725220255598739,0.0,0.0,,,-0.5194418188943808,-0.5641374109139254
free_fall,0.41557590470724826,1.1,,,,,241.88042648338984,11.725220255598739,0.0,0.0,,,-0.5226335094819614,-0.5676137707072775
free_fall,0.41657501904324834,1.1,,,,,242.55163712383145,11.725220255598739,0.0,0.0,,,-0.5258349827182149,-0.5710937402469526
free_fall,0.4175741333792483,1.1,,,,,243.22284776427313,11.725220255598739,0.0,0.0,,,-0.529046238603141,-0.5745772813132862
free_fall,0.4185732477152483,1.1,,,,,243.89405840471474,11.725220255598739,0.0,0.0,,,-0.53226727713674,-0.5780643565390027
free_fall,0.41957236205124826,1.1,,,,,244.56526904515638,11.725220255598739,0.0,0.0,,,-0.5354980983190116,-0.5815549294143421
free_fall,0.42057147638724834,1.1,,,,,245.23647968559806,11.725220255598739,0.0,0.0,,,-0.5387387021499561,-0.5850489642920721
free_fall,0.4215705907232483,1.1,,,,,245.90769032603964,11.725220255598739,0.0,0.0,,,-0.5419890886295732,-0.5885464263923786
free_fall,0.42256970506024827,1.1,,,,,246.5789009671531,11.725220255598739,0.0,0.0,,,-0.545249257761131,-0.5920472818111461
free_fall,0.42356881939624835,1.1,,,,,247.25011160759476,11.725220255598739,0.0,0.0,,,-0.5485192095381034,-0.59555149751059
free_fall,0.4245679337322483,1.1,,,,,247.92132224803632,11.725220255598739,0.0,0.0,,,-0.5517989439637483,-0.5990590413448145
free_fall,0.4255670480682483,1.1,,,,,248.59253288847802,11.725220255598739,0.0,0.0,,,-0.5550884610380663,-0.6025698820502128
free_fall,0.4265661624042483,1.1,,,,,249.2637435289196,11.725220255598739,0.0,0.0,,,-0.5583877607610567,-0.6060839892532573
free_fall,0.42756527674024836,1.1,,,,,249.93495416936125,11.725220255598739,0.0,0.0,,,-0.5616968431327201,-0.6096013334746714
free_fall,0.42856439107624833,1.1,,,,,250.6061648098029,11.725220255598739,0.0,0.0,,,-0.5650157081530559,-0.613121886133472
free_fall,0.4295635054122483,1.1,,,,,251.27737545024453,11.725220255598739,0.0,0.0,,,-0.5683443558220648,-0.616645619550894
free_fall,0.4305626197482483,1.1,,,,,251.94858609068612,11.725220255598739,0.0,0.0,,,-0.5716827861397461,-0.6201725069541876
free_fall,0.43156173408524834,1.1,,,,,252.61979673179962,11.725220255598739,0.0,0.0,,,-0.5750309991094563,-0.6237025224838276
free_fall,0.4325608484212483,1.1,,,,,253.29100737224118,11.725220255598739,0.0,0.0,,,-0.5783889947244929,-0.6272356411829273
free_fall,0.4335599627572483,1.1,,,,,253.96221801268283,11.725220255598739,0.0,0.0,,,-0.5817567729882025,-0.6307718390218611
free_fall,0.43455907709324826,1.1,,,,,254.63342865312447,11.725220255598739,0.0,0.0,,,-0.5851343339005844,-0.6343110928874323
free_fall,0.43555819142924834,1.1,,,,,255.30463929356608,11.725220255598739,0.0,0.0,,,-0.5885216774616395,-0.6378533805895791
free_fall,0.4365573057652483,1.1,,,,,255.97584993400775,11.725220255598739,0.0,0.0,,,-0.591918803671367,-0.641398680864417
free_fall,0.4375564201012483,1.1,,,,,256.64706057444937,11.725220255598739,0.0,0.0,,,-0.5953257125297673,-0.6449469733771594
free_fall,0.43855553443724826,1.1,,,,,257.31827121489096,11.725220255598739,0.0,0.0,,,-0.5987424040368403,-0.6484982387249065
free_fall,0.4395546487742483,1.1,,,,,257.9894818560045,11.725220255598739,0.0,0.0,,,-0.6021688781960205,-0.6520524584428679
free_fall,0.4405537631102483,1.1,,,,,258.6606924964461,11.725220255598739,0.0,0.0,,,-0.6056051350004489,-0.6556096149926641
free_fall,0.44155287744624827,1.1,,,,,259.3319031368877,11.725220255598739,0.0,0.0,,,-0.6090511744535498,-0.6591696917860773
free_fall,0.44255199178224836,1.1,,,,,260.0031137773294,11.725220255598739,0.0,0.0,,,-0.6125069965553237,-0.6627326731731014
free_fall,0.44355110611824833,1.1,,,,,260.67432441777095,11.725220255598739,0.0,0.0,,,-0.61597260130577,-0.6662985444476452
free_fall,0.4445502204542483,1.1,,,,,261.3455350582126,11.725220255598739,0.0,0.0,,,-0.6194479887048894,-0.6698672918495524
free_fall,0.4455493347902483,1.1,,,,,262.01674569865423,11.725220255598739,0.0,0.0,,,-0.6229331587526812,-0.673438902566487
free_fall,0.44654844912624836,1.1,,,,,262.6879563390959,11.725220255598739,0.0,0.0,,,-0.6264281114491458,-0.6770133647356946
free_fall,0.44754756346224833,1.1,,,,,263.35916697953746,11.725220255598739,0.0,0.0,,,-0.6299328467942832,-0.6805906674456288
free_fall,0.4485466777992483,1.1,,,,,264.03037762065094,11.725220255598739,0.0,0.0,,,-0.6334473647916158,-0.6841708007410334
free_fall,0.44954579213524826,1.1,,,,,264.7015882610925,11.725220255598739,0.0,0.0,,,-0.6369716654341084,-0.6877537556099739
free_fall,0.45054490647124834,1.1,,,,,265.3727989015342,11.725220255598739,0.0,0.0,,,-0.6405057487252738,-0.6913395240065718
free_fall,0.4515440208072483,1.1,,,,,266.0440095419758,11.725220255598739,0.0,0.0,,,-0.6440496146651118,-0.6949280988377802
free_fall,0.4525431351432483,1.1,,,,,266.71522018241745,11.725220255598739,0.0,0.0,,,-0.6476032632536227,-0.6985194739679387
free_fall,0.45354224947924826,1.1,,,,,267.3864308228591,11.725220255598739,0.0,0.0,,,-0.6511666944908061,-0.7021136442196144
free_fall,0.45454136381524834,1.1,,,,,268.05764146330074,11.725220255598739,0.0,0.0,,,-0.6547399083766625,-0.7057106053743146
free_fall,0.4555404781512483,1.1,,,,,268.7288521037423,11.725220255598739,0.0,0.0,,,-0.6583229049111913,-0.709310354173063
free_fall,0.45653959248824827,1.1,,,,,269.4000627448558,11.725220255598739,0.0,0.0,,,-0.6619156840979941,-0.7129128883204571
free_fall,0.45753870682424835,1.1,,,,,270.07127338529745,11.725220255598739,0.0,0.0,,,-0.6655182459298783,-0.716518206470555
free_fall,0.4585378211602483,1.1,,,,,270.74248402573903,11.725220255598739,0.0,0.0,,,-0.6691305904104352,-0.7201263082486954
free_fall,0.4595369354962483,1.1,,,,,271.41369466618073,11.725220255598739,0.0,0.0,,,-0.6727527175396649,-0.7237371942371295
free_fall,0.4605360498322483,1.1,,,,,272.0849053066223,11.725220255598739,0.0,0.0,,,-0.6763846273175673,-0.7273508659785437
free_fall,0.46153516416824836,1.1,,,,,272.75611594706396,11.725220255598739,0.0,0.0,,,-0.6800263197441425,-0.7309673259758502
free_fall,0.46253427850424833,1.1,,,,,273.4273265875056,11.725220255598739,0.0,0.0,,,-0.6836777948193902,-0.7345865776918411
free_fall,0.4635333928402483,1.1,,,,,274.09853722794725,11.725220255598739,0.0,0.0,,,-0.687339052543311,-0.7382086255487158
free_fall,0.4645325071762483,1.1,,,,,274.7697478683889,11.725220255598739,0.0,0.0,,,-0.6910100929159042,-0.7418334749274714
free_fall,0.46553162151324834,1.1,,,,,275.4409585095023,11.725220255598739,0.0,0.0,,,-0.6946909159408593,-0.7454611321707986
free_fall,0.4665307358492483,1.1,,,,,276.1121691499439,11.725220255598739,0.0,0.0,,,-0.6983815216108077,-0.7490916045676842
free_fall,0.4675298501852483,1.1,,,,,276.78337979038554,11.725220255598739,0.0,0.0,,,-0.7020819099294291,-0.7527249003741964
free_fall,0.46852896452124826,1.1,,,,,277.4545904308272,11.725220255598739,0.0,0.0,,,-0.705792080896723,-0.7563610287978294
free_fall,0.46952807885724834,1.1,,,,,278.1258010712688,11.725220255598739,0.0,0.0,,,-0.7095120345126897,-0.7599999999998718
