overhang_cm,slip_time_s,slip_angle_deg,slip_omega_rad_s,liftoff_phase,liftoff_time_s,liftoff_angle_deg,freefall_angular_velocity_rad_s,liftoff_y_m,liftoff_y_dot_m_s,freefall_time_s,total_landing_time_s,landing_total_angle_deg,landing_total_angle_mod_deg,landing_side,r_liftoff_m,rdot_liftoff_m_s,theta_liftoff_deg,theta_dot_liftoff_rad_s,friction_sign
0.05,0.28131486512505877,18.54530976590125,3.246192719383472,slip,0.397024164318889,51.15666012378955,6.773477380450856,-0.009370512069405871,-0.4438775430080601,0.34733995725183814,0.7443641215707271,185.95640298512885,185.95640298512885,Down,0.01844826303926959,0.40402013147697247,116.12765026958658,15.0184332481887,1.0
0.1,0.2172349357026903,18.607588008520608,3.737763993045812,slip,0.3236367991662911,51.537985328364904,7.061244094003365,-0.008246540865943125,-0.4248709169115233,0.347903672131711,0.6715404712980021,192.2926737239794,192.2926737239794,Down,0.016987734964949736,0.3775725393362756,110.29519888262841,16.266097150556956,1.0
0.15000000000000002,0.1842590659703564,18.64022073499141,4.168049312781507,slip,0.2830863959946219,51.74187337765413,7.37791508881228,-0.007351563921154693,-0.4079349474006769,0.34819163324302943,0.6312780292376513,198.93062310877275,198.93062310877275,Down,0.015879298269566217,0.353332514319931,104.58400157749344,17.360827216263804,1.0
0.2,0.16306253776077118,18.643945817514414,4.552261184632359,slip,0.25560133502999494,51.822208616466526,7.705808112553859,-0.006662601394423826,-0.39336827016599807,0.3482657540269127,0.6038670890569076,205.58512009226578,205.58512009226578,Down,0.015061278878758366,0.3319637451014896,99.15222569348238,18.2505409652169,1.0
0.25,0.1478854318340443,18.619718902016576,4.899340146123547,slip,0.23513041300322277,51.81324776172608,8.034203128869251,-0.006147508272257417,-0.38112778135797554,0.34818829795241374,0.5833187109556365,212.09335019216596,212.09335019216596,Down,0.01447528002064617,0.31356930050776344,94.09353897410007,18.92082318013659,1.0
0.3,0.13628460892938482,18.568686617899974,5.215052956048594,slip,0.21902439781600538,51.73744019039452,8.356530382885907,-0.005774864670929643,-0.37102744124961784,0.3480118930168299,0.5670362908328352,218.36341945921774,218.36341945921774,Down,0.014072428160717083,0.29797341851193604,89.45277096936226,19.383634664369826,1.0
0.35000000000000003,0.12701624861444247,18.492158083654125,5.503383735549403,slip,0.20588713375560827,51.609959974652845,8.66879578535086,-0.0055173952395647435,-0.3628357206641717,0.3477767715061942,0.5536639052618024,224.34560900081266,224.34560900081266,Down,0.013814065250466821,0.2848773112549626,85.24017966850406,19.66573636729572,1.0
0.4,0.11937003890375737,18.391575658254446,5.767241030293686,slip,0.19489270238942497,51.4414236903721,8.968629682814708,-0.005352619524615664,-0.3563209022187708,0.34751149160055583,0.5424041939899809,230.01528733968686,230.01528733968686,Down,0.01367040936792507,0.2739460645407214,81.44334382299712,19.79960511810157,1.0
0.45000000000000007,0.11290663941361317,18.268485797082683,6.008849916101501,slip,0.18551238541275528,51.23954279503219,9.254696572187967,-0.005262444212271199,-0.35126999663733754,0.34723493441413245,0.5327473198268877,235.3626217839602,235.3626217839602,Down,0.013618743951034672,0.2648547308783008,78.03626487383106,19.81756618206606,1.0
0.5,0.10733779505569355,18.12451075622724,6.229983808642091,slip,0.17738778864742893,51.01013868876784,9.526324379700545,-0.005232449157655721,-0.34749484943931097,0.34695850416245466,0.5243462928098837,240.3863983928001,240.3863983928001,Down,0.013641744641876364,0.2573101233679737,74.98587848257839,19.74864768078869,1.0
0.55,0.10246556577307955,17.961321760575338,6.43210824785806,slip,0.1702652107780077,50.757773299840174,9.783269545083822,-0.005251169035157715,-0.34483239068402427,0.34668809781233884,0.5169533085903465,245.09033863643006,245.09033863643006,Down,0.013726121895880353,0.2510586307071229,72.25645620892043,19.617303632103916,1.0
0.6000000000000001,0.09814900139876839,17.780614118005367,6.6164733820930355,slip,0.16395884630799878,50.48614575900269,10.025566778421817,-0.005309472858843048,-0.3431424726915084,0.34642571871302813,0.5103845650210269,249.48092985212574,249.48092985212574,Down,0.013861583898431281,0.24588648816060596,69.8124195469866,19.443242903057456,1.0
0.6500000000000001,0.0942847049731555,17.584084631559424,6.784175103996732,slip,0.15832882315146052,50.198345314295565,10.253431983629149,-0.005400061262521602,-0.34230493900131476,0.3461707385809618,0.5044995617324224,253.56616939142796,253.56616939142796,Down,0.014040067448100785,0.24161638590692863,67.62002110023705,19.241823854813056,1.0
0.7000000000000001,0.09079491856685495,17.373411539355438,6.9361962871539395,slip,0.1532674243426271,49.897014887391975,10.4671988352373,-0.005517071151650262,-0.3422166662939105,0.3459208570119876,0.4991882813546147,257.35485629254646,257.35485629254646,Down,0.014255175437956428,0.2381026448243954,65.64824983288898,19.024680786986067,1.0
0.7500000000000001,0.08761991461288714,17.150237102152627,7.07343499956526,slip,0.14869008625667843,49.58445844245587,10.667276852058317,-0.005655768927902673,-0.3427888811015642,0.34567281598158095,0.4943629022382594,260.8562069731516,260.8562069731516,Down,0.01450176730450374,0.235226161543074,63.86922450213269,18.800396591806287,1.0
0.8,0.08471296684684929,16.91615286337292,7.1967239857148515,slip,0.14452931644110054,49.26271263665527,10.854123339630945,-0.00581231352392476,-0.3439448452878578,0.3454229214694176,0.4899522379105181,264.07965847541635,264.07965847541635,Down,0.014775660434964803,0.2328897119468724,62.25826325519064,18.575129556300812,1.0
0.8500000000000001,0.08203692762820057,16.672687527175167,7.306844184856605,slip,0.1407304662147378,48.93359554382434,11.02822437404011,-0.005983573270939719,-0.34561791113984963,0.3451674153674937,0.48589788158223146,267.0347761050603,267.0347761050603,Down,0.015073411309965614,0.23101385448699563,60.79375924739116,18.35315627600381,1.0
0.9000000000000001,0.07956183919094377,16.42129733701003,7.4045341204464465,slip,0.1372487206425834,48.59874054117489,11.190081745103155,-0.006166983876623509,-0.3477499093870845,0.34490273206800987,0.48215145271059323,269.7312152040691,269.7312152040691,Down,0.015392153800002473,0.2295334883319959,59.45694955569995,18.13732156732608,1.0
0.9500000000000002,0.07726322967542007,16.163358789290132,7.490496405973582,slip,0.1340469101788529,48.2596205337665,11.340203872441304,-0.006360437706674529,-0.35028982211561377,0.34462566677954487,0.47867257695839777,272.17870723275905,272.17870723275905,Up,0.015729478510149494,0.22839502959800953,58.23163435717089,17.929400415735117,1.0
1.0,0.07512087417055717,15.900163483165732,7.565402228719457,slip,0.1310938904773772,47.91756585594533,11.47909940288233,-0.006562196929772992,-0.35319269287757626,0.34433347681475646,0.47542736729213364,274.3870531220368,274.3870531220368,Up,0.016083341755544385,0.22755413015543538,57.103882266423945,17.73038293773222,1.0
1.05,0.0731178785509392,15.63291488631501,7.6298944167778275,slip,0.12836332347773588,47.57377802054129,11.607272641559883,-0.006770824920235142,-0.3564187312951595,0.344023932595664,0.4723872560733999,276.36611484160915,276.36611484160915,Up,0.016451996081980173,0.22697385304777132,56.06174338710838,17.54069495745205,1.0
1.1,0.07123999179741762,15.362726786352809,7.684589519678515,slip,0.1258327472332483,47.229340732475194,11.725220255598739,-0.00698513170193791,-0.3599325758181755,0.3436953316240352,0.46952807885728354,278.12580107129247,278.12580107129247,Up,0.016833936591706723,0.22662322208698008,55.09498209233774,17.360366309419152,1.0
1.1500000000000001,0.06947508287733056,15.090623196090027,7.730079211015216,slip,0.12348285697711786,46.88522909165829,11.83342887582749,-0.00720413025710788,-0.3637026845482403,0.34334648591773353,0.4668293428948514,279.6760458518878,279.6760458518878,Up,0.017227858979936967,0.22647607275595005,54.19483536337728,17.18915758100096,1.0
1.2000000000000002,0.06781273800019517,14.817539486630569,7.766931235020711,slip,0.12129694303391506,46.542317587373674,11.932373343810394,-0.007427001298895963,-0.36770082961418854,0.34297669119324214,0.4642736342271572,281.0267807834233,281.0267807834233,Up,0.017632626342092412,0.22651014293691374,53.3537986328286,17.026654331444476,1.0
1.2500000000000002,0.06624394716540465,14.544324533487588,7.795690056837541,slip,0.11926044675235146,46.20138727257519,12.022515432241365,-0.007653064683657512,-0.3719016753024136,0.342585684279755,0.4618461310321065,282.18790221879374,282.18790221879374,Up,0.01804724262372531,0.2267063530725169,52.565438744387926,16.872336181722662,1.0
1.3,0.0647608577831538,14.271743676004073,7.8168773309628,slip,0.1173606063227304,45.86313236523952,12.104302920210383,-0.007881756069416062,-0.37628242403973755,0.34217359376327455,0.459534200086005,283.169235238094,283.169235238094,Up,0.018470831158894432,0.22704823524092158,51.824232330391965,16.725626698568387,1.0
1.35,0.06335657925489142,14.000482308050096,7.830992269109984,slip,0.11558617180489741,45.52816643026374,12.178168940416963,-0.00811260774926001,-0.3808225174897693,0.34174088763777927,0.4573270594426767,283.9804961981515,283.9804961981515,Up,0.018902617150859648,0.22752147898944863,51.12542725642985,16.58592874416836,1.0
1.4000000000000001,0.06202502667238548,13.731149937100037,7.83851196418816,slip,0.11392717398344775,45.1970282339349,12.244531539493558,-0.00834523283057659,-0.38550338256583777,0.3412883207396719,0.4552154947231197,284.63125547688054,284.63125547688054,Up,0.01934191324103816,0.2281135686254772,50.46492454246229,16.452648931321804,1.0
1.4500000000000002,0.06076079482934866,13.46428456845593,7.839891708934816,slip,0.11237473547225282,44.87018732315157,12.303793408601006,-0.00857931211414464,-0.39030821419985917,0.34081688393151083,0.4531916194037636,285.13090175653815,285.13090175653815,Up,0.019788107523206696,0.22881349217862298,49.839178177887035,16.325213991800755,1.0
1.5000000000000002,0.05955905592453787,13.200357290829587,7.835565334306856,slip,0.11092091526220026,44.54804935640227,12.356341752352854,-0.008814583166245456,-0.3952217883293496,0.34032775635676094,0.4512486716189612,285.48860888409405,285.48860888409405,Up,0.020240653513608018,0.22961150661676177,49.24511039566161,16.20308120542937,1.0
1.55,0.0584154759280793,12.939776958189759,7.825945582853115,slip,0.10955857994854495,44.23096119794588,12.402548272038361,-0.009050831183040231,-0.40023029985476466,0.3398222615865561,0.44938084153510105,285.7133060577799,285.7133060577799,Up,0.020699061700319942,0.23049894731588835,48.680040188345785,16.085744520250664,1.0
1.6,0.05732614575731378,12.682894880305897,7.811424525090394,slip,0.10828129639831778,43.919215778157835,12.442769243474547,-0.009287881328721858,-0.4053212213519062,0.33930182809705095,0.44758312449536874,285.8136518037101,285.8136518037101,Up,0.021162892379589314,0.23146807247519827,48.14162309541797,15.972737591692148,1.0
1.6500000000000001,0.056287524283804076,12.430009450522684,7.7923740217340915,slip,0.10708324176263016,43.61305671823163,12.477345674526708,-0.009525592291682828,-0.4104831791363982,0.3387679542371867,0.4458511959998169,285.79801200043164,285.79801200043164,Up,0.021631749549055116,0.2325119352166622,47.6278005375712,15.863634660099706,1.0
1.7000000000000002,0.055296390851873156,12.18137065381849,7.76914623100824,slip,0.1059591276116119,43.31268271623979,12.506603528865414,-0.00976385085290304,-0.41570584393351134,0.33822217764482165,0.44418130525643357,285.6744420026197,285.6744420026197,Up,0.02210527567604032,0.23362427773904568,47.13675720912455,15.758049948388958,1.0
1.7500000000000002,0.054349805489264165,11.937184411083939,7.742074157804153,slip,0.10490413563582376,43.01825169140779,12.53085400534682,-0.01000256729897813,-0.4209798339207457,0.3376660489349211,0.4425701845707448,285.4506727908015,285.4506727908015,Up,0.02258314719496311,0.23479944311536285,46.66688525282771,15.655636082337724,1.0
1.8000000000000003,0.05344507537350018,11.697616726789532,7.711472239881155,slip,0.10391386287458186,42.72988468484129,12.550393863438602,-0.010241671543049771,-0.42629662832602405,0.3371011093957804,0.4410149722703623,285.13410096006896,285.13410096006896,Up,0.023065070616308726,0.23603230129123207,46.21675413231528,15.556081899599416,1.0
1.8500000000000003,0.05257972641304232,11.462797616878229,7.677636965392163,slip,0.10298427483332755,42.44766951670754,12.56550578627914,-0.010481109841226894,-0.4316484900936676,0.3365288723790579,0.43951314721238544,284.73178228781376,284.73178228781376,Up,0.023550779151528034,0.23731818658213308,45.785085284204655,15.459109911198897,1.0
1.9000000000000004,0.05175147903193002,11.232824801882266,7.640847515588888,slip,0.10211166516658604,42.17166420169966,12.576458774186365,-0.010720842011408641,-0.43702839639327296,0.33595080804612737,0.4380624732127134,284.2504285791872,284.2504285791872,Up,0.024040029775326113,0.23865284453437569,45.37073077568422,15.364473602999803,1.0
1.9500000000000004,0.050958227426184576,11.007767157077762,7.601366426493321,slip,0.10129262085193669,41.90190012664509,12.583508562043054,-0.01096083907724736,-0.44242997595828737,0.3353683311277494,0.4366609519796861,283.69640745882583,283.69640745882583,Up,0.024532600660631402,0.24003238646377142,44.972655317016375,15.271954707593066,1.0
2.0,0.050198021701521205,10.787667917051957,7.559440263498885,slip,0.100523991977536,41.63838499584899,12.586898054822573,-0.011201081272661314,-0.4478474524102264,0.33478279136156347,0.43530678333909945,283.0757447697643,283.0757447697643,Up,0.0250282889324345,0.241453250328567,44.589921083169045,15.181360535180326,1.0
2.05,0.04946905241370402,10.572547636534802,7.515300303216738,slip,0.09980286542335629,41.38110555133716,12.586857776140171,-0.01144155635272623,-0.4532755928608898,0.33419546628713037,0.43399833171048663,282.3941292418737,282.3941292418737,Up,0.025526908695548224,0.2429121668629025,44.221674887541525,15.092521421255412,1.0
2.1,0.04876963712177645,10.362406912847186,7.469163217338062,slip,0.09912654184282062,41.13003007644938,12.583606325321803,-0.011682258165312027,-0.45870966119505097,0.3336075560982326,0.4327340979410532,281.65691910303104,281.65691910303104,Up,0.026028289298523948,0.24440613010710305,43.86713732547567,15.005288326588413,1.0
2.15,0.048098208635415175,10.15722887800376,7.421231753807474,slip,0.09849251545357547,40.885110692258884,12.57735083903005,-0.01192318544489051,-0.4641453755253571,0.3330201802745384,0.43151269572811385,280.86915032282326,280.86915032282326,Up,0.02653227380183868,0.24593237163616039,43.52559356801598,14.9195306090189,1.0
2.1999999999999997,0.047453304694697454,9.95698147047451,7.371695411149625,slip,0.09789845622898172,40.64628545705246,12.568287453986596,-0.012164340795807648,-0.4695788693839095,0.33243437573802964,0.43033283196701133,280.0355461989974,280.0355461989974,Up,0.027038717623314366,0.2474883379179655,43.196385538981524,14.835133975258515,1.0
2.25,0.04683355886649108,9.76161949798523,7.320731102343557,slip,0.09734219414931101,40.41348027962223,12.556601767792863,-0.012405729837213572,-0.47500665627452293,0.3318510963028105,0.4291932904521215,279.1605280196671,279.1605280196671,Up,0.0275474873377442,0.24907167033590652,42.878905252414,14.751998613076136,1.0
2.3,0.04623769247889402,9.571086503627573,7.268503805176837,slip,0.09682170522682182,40.18661065741417,12.542469295282206,-0.012647360485947447,-0.480425597258689,0.33127121320945896,0.4280929184362808,278.2482265584135,278.2482265584135,Up,0.02805845961103604,0.250680187492266,42.57258912421941,14.670037498977052,1.0
2.35,0.04566450744533986,9.385316448027515,7.215167196519455,slip,0.09633509906426908,39.96558325070099,12.526055918196011,-0.01288924235716004,-0.485832871288909,0.3306955165565497,0.4270306156208188,277.30249418316697,277.30249418316697,Up,0.02857152025200443,0.2523118694751447,42.276913102533136,14.589174873060053,1.0
2.4,0.04511287985460462,9.204235220484291,7.160864268431225,slip,0.09588060774369737,39.75029730386823,12.50751832637254,-0.0131313862653524,-0.49122594803700986,0.33012471746229705,0.42600532520599443,276.3269173845848,276.3269173845848,Up,0.02908656336726112,0.25396484382333684,41.991388486892845,14.50934487072656,1.0
2.45,0.044581754223102836,9.02776199190336,7.1057279244511165,slip,0.09545657587339566,39.5406459247356,12.487004448918995,-0.013373803811022971,-0.4966025629936004,0.3295594508082846,0.42501602668168026,275.3248295522109,275.3248295522109,Up,0.029603490606670252,0.25563737296713757,41.71555832768421,14.430490299797503,1.0
2.5,0.044070138322377085,8.855810422053562,7.049881554805959,slip,0.09506145164664069,39.33651723255114,12.464653874111324,-0.013616507040244419,-0.5019606946389814,0.32900027843438223,0.42406173008102294,274.2993238482596,274.2993238482596,Up,0.030122210488531632,0.2573278429580929,41.44899431513457,14.352561551176871,1.0
2.55,0.04357709850830448,8.688289733249437,6.993439589626144,slip,0.0946937787872195,39.13779538489197,12.440598257061097,-0.013859508166265862,-0.5072985435065556,0.32844769267106355,0.42314147145828307,273.25326605097626,273.25326605097626,Up,0.030642637795058898,0.2590347533281544,41.191294081925,14.275515631299491,1.0
2.6,0.04310175548978136,8.525105662018246,6.936508029562287,slip,0.09435218927468214,38.94436149326789,12.414961714406882,-0.014102819343787116,-0.5126145129776627,0.3279021201122174,0.42225430938689956,272.1893072600539,272.1893072600539,Up,0.031164693029951725,0.26075670794230127,40.942078855869276,14.199315304968376,1.0
2.65,0.0426432804839664,8.366161299700911,6.879184953464263,slip,0.09403539675737525,38.756094436753436,12.387861205472078,-0.014346452487887755,-0.5179071916621671,0.3273639255359806,0.42139932229335586,271.1098963674965,271.1098963674965,Up,0.031688301930918886,0.26249240672839247,40.700991409441045,14.123928337748115,1.0
2.7,0.04220089171290635,8.211357832280259,6.821561003014325,slip,0.09374219057406419,38.5728715824758,12.359406899475918,-0.014590419130761045,-0.5231753372326458,0.3268334159107779,0.4205756064848421,270.01729222523915,270.01729222523915,Up,0.03221339503094591,0.2642406381849262,40.467694261564056,14.049326827744938,1.0
2.75,0.041773851202829504,8.06059518905241,6.763719844402122,slip,0.0934714303155614,38.39456942122566,12.329702528584832,-0.014834730310336804,-0.5284178615920396,0.3263108444177054,0.4197822747332668,268.91357544397613,268.91357544397613,Down,0.032739907262834315,0.26600027257968295,40.241868094209465,13.975486617402506,1.0
2.8,0.04136146185279306,7.913772609072082,6.705738607293731,slip,0.09322204086681608,38.22106412590638,12.298845726743641,-0.015079396485694275,-0.5336338172653553,0.3257964144411584,0.4190184553079745,267.8006597786732,267.8006597786732,Down,0.033267777602186854,0.26777025576304886,40.023210352315154,13.90238677673495,1.0
2.85,0.04096306474391329,7.770789133629758,6.647688301484799,slip,0.09299300787779194,38.052232040053255,12.26692835427381,-0.015324427474949711,-0.538822384915262,0.3252902834852959,0.41828329136308784,266.68030306424225,266.68030306424225,Down,0.03379694874465234,0.269549603531017,39.81143400061613,13.830009150121704,1.0
2.9,0.0405780366642172,7.631544032356776,6.589634211737512,slip,0.0927833736181282,37.88795010315299,12.234036808288263,-0.015569832411966557,-0.5439828618898238,0.3247925669821405,0.4175759406002687,265.5541176745453,265.5541176745453,Down,0.03432736681379274,0.2713373964819508,39.60626641519015,13.75833795949246,1.0
2.95,0.040205787827393924,7.49593716992582,6.531636271392449,slip,0.09259223317578807,37.72809621886475,12.20025231922288,-0.0158156197185957,-0.5491146517188206,0.32430334196779764,0.4168955751435857,264.4235804922933,264.4235804922933,Down,0.03485898109619475,0.27313277531382857,39.40744839083369,13.687359457590013,1.0
3.0,0.039845759766453104,7.363869319708435,6.47374941541452,slip,0.0924187309651654,37.57254957189073,12.165651233678373,-0.016061797089790986,-0.5542172544814727,0.3238226505991123,0.4162413815642777,263.290042374612,263.290042374612,Down,0.03539174380099906,0.274934936519005,39.2147332485022,13.61706162548644,1.0
3.05,0.03949742338562688,7.235242430183971,6.416023913585479,slip,0.09226205751425659,37.42119089876764,12.13030528382524,-0.01630837148934817,-0.5592902579747474,0.323350503506064,0.41561256102032057,262.15473711792555,262.15473711792555,Down,0.03592560984136996,0.27674312843870796,39.02788602948263,13.547433909133263,1.0
3.1,0.0391602771558444,7.109959849362602,6.358505684594388,slip,0.09212144650359133,37.273902717275156,12.094281843855768,-0.016555349154144517,-0.564333329617771,0.322886882962465,0.4150083294660563,261.01878992236334,261.01878992236334,Down,0.03646053663549444,0.27855664763902427,38.84668276481344,13.478466990458655,1.0
3.15,0.03883384544080264,6.987926511984447,6.301236591801207,slip,0.09199617203342753,37.130569518947254,12.057644173740684,-0.01680273560534946,-0.5693462090322571,0.3224317458719444,0.4144279179053719,259.88322536307896,259.88322536307896,Down,0.036996483925256334,0.28037483558076404,38.67090981048296,13.410152588777724,1.0
3.2,0.03851767694213289,6.869049093799187,6.244254721464195,slip,0.0918855460979026,36.991077928635924,12.0204516507496,-0.017050535665127025,-0.574328701244258,0.3219850265659582,0.4138705726638608,258.74897488010464,258.74897488010464,Down,0.03753341361075566,0.2821970755544774,38.50036324016822,13.342483288905687,1.0
3.25,0.03821134325341496,6.753236136805774,6.187594644227625,slip,0.09178891624718213,36.85531683473162,11.982759989211877,-0.017298753477569,-0.5792806704569786,0.3215466394142479,0.41333555566143,257.6168838018741,257.6168838018741,Down,0.03807128959902758,0.2840227898547818,38.334848288503885,13.275452392774039,1.0
3.3000000000000003,0.03791443751388923,6.640398148938829,6.131287660663589,slip,0.09170566342119467,36.72317749343941,11.944621448831985,-0.017547392533006054,-0.584202034347782,0.3211164812501116,0.4128221446713063,256.48771791644026,256.48771791644026,Down,0.03861007766572287,0.2858514371754684,38.174178839084085,13.209053791549026,1.0
3.35,0.03762657315368043,6.530447681334536,6.075362031654123,slip,0.09163519993947532,36.5945536099695,11.906085032162828,-0.017796455694642617,-0.5890927588472976,0.3206944336147111,0.41232963355418645,255.36216961108227,255.36216961108227,Down,0.03914974532828997,0.28768251020162083,38.018176951924346,13.143281855856078,1.0
3.4000000000000004,0.03734738272314635,6.423299385978489,6.019843194385296,slip,0.0915769676340992,36.46934139946646,11.867196671553435,-0.01804594522698408,-0.5939528533608371,0.32028036482624483,0.41185733246034406,254.24086359717504,254.24086359717504,Down,0.03969026172972013,0.28951553338469355,37.86667242619084,13.078131341727737,1.0
3.45,0.037076516799731576,6.31887005624495,5.964753964709316,slip,0.09153043611337763,36.347439630037094,11.827999406098375,-0.01829586282535345,-0.5987823663963412,0.31987413188074937,0.411404567994127,253.12436224154382,253.12436224154382,Down,0.04023159753175397,0.2913500608826997,37.719502394336374,13.013597310362044,1.0
3.5000000000000004,0.03681364296630974,6.217078652565372,5.910114726607784,slip,0.09149510114551411,36.22874965010126,11.788533549021736,-0.01854620964602795,-0.6035813815655344,0.31947558219215727,0.4109706833376714,252.0131705243887,252.0131705243887,Down,0.04077372481666669,0.293185674651525,37.576510944434574,12.949675059924802,1.0
3.55,0.03655844485558063,6.117846315219935,5.855943609467811,slip,0.09147048315256175,36.11317540206795,11.748836845889745,-0.01879698633665271,-0.6083500139276278,0.31908455517982887,0.4105550383323906,250.90774064340573,250.90774064340573,Down,0.041316616996906495,0.295021982675838,37.43754876795243,12.886360067805745,1.0
3.6000000000000005,0.03631062125558183,6.021096366027312,5.802256653856194,slip,0.09145612580555061,36.00062342404481,11.7089446241689,-0.019048193066474248,-0.6130884066477338,0.3187008837119772,0.4101570095175278,249.8084762858014,249.8084762858014,Down,0.041860248731727244,0.29685861732554475,37.302472830427135,12.823647942052592,1.0
3.65,0.036069885271810376,5.926754300506625,5.749067966451648,slip,0.09145159471317486,35.8910028412694,11.668889934434715,-0.019299829556303185,-0.6177967279437873,0.31832439541378443,0.4097759901269593,248.71573658617734,248.71573658617734,Down,0.04240459585036226,0.29869523383052793,37.171146063067575,12.761534380672607,1.0
3.7000000000000006,0.03583596354185586,5.8347477719092495,5.6963898647666475,slip,0.09145647619629911,35.7842253485676,11.628703683770183,-0.019551895107783514,-0.622475168298646,0.3179549138487556,0.4094113900450547,247.62983979185708,247.62983979185708,Down,0.04294963528093681,0.30053150886050073,37.043437073257145,12.700015137878614,1.0
3.75,0.035608595498783376,5.745006568355083,5.644233012263898,slip,0.09147037614220889,35.68020518524008,11.588414761612327,-0.01980438863202815,-0.6271239379150889,0.3175922595820677,0.4090626357242766,246.5510666521632,246.5510666521632,Down,0.04349534498483996,0.30236713920521574,36.919219872512,12.63908599621971,1.0
3.8,0.03538753267983298,5.6574625841658115,5.592606544443346,slip,0.0914929189320613,35.578859103378385,11.548050158563568,-0.02005730867725917,-0.6317432643940618,0.31723625113416337,0.40872917006622467,245.47966355193006,245.47966355193006,Down,0.04404170389584205,0.30420184054341626,36.79837362027546,12.578742743919577,1.0
3.85,0.03517253807727573,5.572049786356556,5.541518186449135,slip,0.0915237464365947,35.480106330749436,11.507635078408674,-0.020310653455583527,-0.6363333906173437,0.31688670583289646,0.40841045226949113,244.4158454044596,244.4158454044596,Down,0.04458869186377497,0.3060353462970163,36.68078238245877,12.518981156585065,1.0
3.9,0.034963385528525175,5.4887041771341085,5.490974362717412,slip,0.09156251707458349,35.38386852902132,11.467193043808455,-0.02056442086861507,-0.6408945728180011,0.31654344057192363,0.40810595764650714,243.35979832231575,243.35979832231575,Down,0.04513628960216325,0.307867406560711,36.566334903430864,12.45979698277981,1.0
3.95,0.03475985914283747,5.407363753144067,5.4409802991597775,slip,0.09160890492996474,35.29006974824259,11.42674599590219,-0.020818608532104585,-0.645427078822793,0.31620627248296207,0.40781517741292683,242.31168207984996,242.31168207984996,Down,0.045684478639681406,0.3096977871041739,36.45492439061256,12.401185932810895,1.0
4.0,0.034561752762125954,5.327968462119415,5.391540118350322,slip,0.09166259892297242,35.198636378167386,11.386314388241871,-0.02107321379934915,-0.6499311864524272,0.315875019528901,0.4075376184518734,241.2716323838398,241.2716323838398,Down,0.04623324127491554,0.3115262684386507,36.34644831062383,12.343143670351257,1.0
4.05,0.03436886945363523,5.250460157500902,5.342656928159635,slip,0.09172330203190786,35.10949709715404,11.345917275277904,-0.021328233783560278,-0.6544071820663525,0.3155495010245979,0.40727280305650576,240.23976296471653,240.23976296471653,Down,0.04678256053434917,0.31335264494563947,36.240808196319854,12.285665806390876,1.0
4.1,0.0341810210323527,5.174782551524204,5.294332904253253,slip,0.09179073056156922,35.02258281908149,11.30557239577768,-0.021583665379002685,-0.6588553592401469,0.3152295380915651,0.40702026865313434,239.216167502857,239.216167502857,Down,0.04733242013312046,0.3151767240607023,36.137909463847485,12.228747895240344,1.0
4.15,0.033998027611227985,5.100881167208063,5.246569366849555,slip,0.09186461345554421,34.93782663886453,11.265296251378166,-0.021839505281099115,-0.663276017564324,0.3149149540525657,0.4067795675081099,238.20092140093075,238.20092140093075,Down,0.047882804438514386,0.3169983255106467,36.037661239196176,12.172385432189104,1.0
4.2,0.033819717177391254,5.028703289615098,5.199366852108078,slip,0.09194469164895074,34.85516377689079,11.2251041806196,-0.022095750005333134,-0.6676694615544123,0.3146055747715349,0.40655026642048564,237.19408341505556,237.19408341505556,Down,0.04843369843578101,0.31881728059800685,35.93997619351011,12.116573852623493,1.0
4.25,0.03364592519270205,4.958197916712071,5.152725178499382,slip,0.09203071745930709,34.77453152284471,11.185010428639043,-0.02235239590516313,-0.6720359996629741,0.3143012289440537,0.4063319464033608,236.19569715427536,236.19569715427536,Down,0.04898508769629083,0.32063343153162155,35.84477038674466,12.061308532288159,1.0
4.3,0.0334764942170791,4.889315710104714,5.106643508483994,slip,0.09212245401256712,34.69586917914228,11.145028212841728,-0.022609439188786475,-0.6763759433849306,0.3140017483430356,0.40612420235560276,235.20579245957387,235.20579245957387,Down,0.04953695834764599,0.3224466307978852,35.75196311903517,12.006584788561204,1.0
4.35,0.0333112735531677,4.822008945886675,5.0611204058105494,slip,0.09221967470241604,34.619118004350014,11.10516978470617,-0.02286687593497974,-0.6806896064483823,0.31370696802411435,0.4059266427265304,234.2243866705569,234.2243866705569,Down,0.0500892970457978,0.3242567405719627,35.66147678944634,11.95239788248844,1.0
4.4,0.033150118911008386,4.756231465806703,5.016153888723725,slip,0.09232216268021978,34.54422115673443,11.065446488013428,-0.023124702107859912,-0.6849773040836097,0.3134167264946928,0.40573888917491263,233.2514857896102,233.2514857896102,Down,0.05064209094881589,0.32606363216410084,35.57323676155106,11.8987430214963,1.0
4.45,0.03299289209146017,4.691938628923752,4.971741479353323,slip,0.09242971037406737,34.47112363823832,11.025868813637727,-0.023382913570793702,-0.6892393523637194,0.31313086585046834,0.40556057622453573,232.28708555046524,232.28708555046524,Down,0.05119532769238441,0.32786718550065624,35.487171235569,11.845615362579284,1.0
4.5,0.03283946068721664,4.629087263895953,4.927880249540938,slip,0.09254211903462706,34.399772238975366,10.98644645115914,-0.023641506099313817,-0.693476067610715,0.31284923188276964,0.4053913509173967,231.3311723996531,231.3311723996531,Down,0.051748995366703146,0.32966728863555805,35.40321112658643,11.79301001591447,1.0
4.55,0.03268969780033612,4.567635622024437,4.884566863343588,slip,0.09265919830648578,34.3301154824688,10.947188337423803,-0.02390047539325099,-0.6976877658615503,0.3125716741599122,0.405230872466398,230.38372439680228,230.38372439680228,Down,0.05230308249487257,0.33146383729193307,35.3212899486244,11.740922048744027,1.0
4.6,0.032543481775275655,4.5075433311494555,4.841797616437674,slip,0.09278076582303549,34.262103571694574,10.908102702278835,-0.024159817087973032,-0.7018747623888784,0.31229804608536565,0.4050788119084011,229.44471204099017,229.44471204099017,Down,0.052857578012490365,0.333256734430299,35.24134370415102,11.689346489495906,1.0
4.65,0.032400695946493585,4.448771350481892,4.7995684726345615,slip,0.09290664682371161,34.19568833608658,10.869197111603246,-0.02441952676489745,-0.7060373712719388,0.3120282049353975,0.40493485175910915,228.514099028351,228.514099028351,Down,0.05341247124851364,0.33504588984292544,35.163310778818634,11.638278332026452,1.0
4.7,0.032261228399734734,4.391281926432816,4.757875097703,slip,0.09303667379197753,34.13082317955082,10.830478507825601,-0.02467959996121887,-0.7101759050131397,0.3117620118785233,0.4047986856705008,227.59184294694234,227.59184294694234,Down,0.05396775190718422,0.3368312197715503,35.087131841096095,11.587712539960336,1.0
4.75,0.03212497174618599,4.335038549493204,4.716712890682917,slip,0.09317068611293883,34.06746302958486,10.791953248050064,-0.024940032178960528,-0.7142906741964495,0.3114993319789559,0.40467001809189473,226.67789591349094,226.67789591349094,Down,0.054523410051024256,0.338612646547769,35.01274974657795,11.537644051050886,1.0
4.8,0.031991822908735645,4.280005912201282,4.676077012862149,slip,0.09330852974930437,34.00556428754589,10.753627139946401,-0.025200818893349484,-0.7183819871839624,0.31124003418598145,0.4045485639352858,225.77220515692667,225.77220515692667,Down,0.05507943608478015,0.3403900982540868,34.940109446710835,11.488067781535209,1.0
4.8500000000000005,0.03186168291961506,4.226149868224961,4.6359624145765475,slip,0.09345005693459413,33.94508478010785,10.715505475527458,-0.025461955560557567,-0.7224501498472151,0.3109839913110593,0.40443404824565343,224.8747135528608,224.8747135528608,Down,0.055635820740261244,0.34216350840457355,34.869157901710544,11.438978630441394,1.0
4.9,0.031734456728759644,4.173437392578867,4.596363859983949,slip,0.09359512588262896,33.88598371195772,10.677593062935866,-0.025723437624875063,-0.7264954653303797,0.31073107999422733,0.4043262058768563,223.98536011292754,223.98536011292754,Down,0.0561925550620405,0.34393281564391964,34.79984399747878,11.390371483816327,1.0
4.95,0.031610053022257306,4.121836542984822,4.557275949951372,slip,0.09374360051218787,33.828221619721184,10.639894256367315,-0.0259852605252855,-0.7305182338422562,0.3104811806612717,0.4042247811734596,223.10408043279173,223.10408043279173,Down,0.056749630393892185,0.3456979634634199,34.732118466279154,11.34224121886237,1.0
5.0,0.03148838405030291,4.071316422380805,4.518693143187082,slip,0.09389535018615537,33.77176032717553,10.602412984221257,-0.026247419701573134,-0.7345187524748595,0.3102341774729551,0.4041295276591105,222.23080710187244,222.23080710187244,Down,0.057307038366022765,0.3474588999334007,34.66593381104068,11.294582707943418,1.0
5.05,0.03136936546410284,4.021847142575051,4.480609775739033,slip,0.09405024946403348,33.71656290170499,10.565152775607315,-0.026509910599872084,-0.7384973150457937,0.3099899582674782,0.4040402077315117,221.3654700782567,221.3654700782567,Down,0.05786477088290809,0.3492155774503107,34.601244233043026,11.247390822472136,1.0
